id,Product,Price,Items_left,Image_url
1,Yams,$15.68,83,http://dummyimage.com/220x100.png/dddddd/000000
2,Tea - Decaf Lipton,$73.44,26,http://dummyimage.com/179x100.png/dddddd/000000
3,Wine - Niagara Peninsula Vqa,$22.32,55,http://dummyimage.com/170x100.png/dddddd/000000
4,Veal - Nuckle,$67.70,39,http://dummyimage.com/139x100.png/dddddd/000000
5,Cup - 4oz Translucent,$72.08,15,http://dummyimage.com/226x100.png/5fa2dd/ffffff
6,"Pasta - Fusili, Dry",$44.20,67,http://dummyimage.com/187x100.png/dddddd/000000
7,Tomato - Plum With Basil,$61.06,88,http://dummyimage.com/238x100.png/dddddd/000000
8,Syrup - Chocolate,$57.54,93,http://dummyimage.com/143x100.png/5fa2dd/ffffff
9,Pasta - Canelloni,$23.70,32,http://dummyimage.com/105x100.png/cc0000/ffffff
10,Venison - Denver Leg Boneless,$12.29,29,http://dummyimage.com/153x100.png/cc0000/ffffff
11,Bar Mix - Lime,$53.73,2,http://dummyimage.com/131x100.png/5fa2dd/ffffff
12,"Clams - Littleneck, Whole",$32.71,75,http://dummyimage.com/199x100.png/5fa2dd/ffffff
13,Gatorade - Orange,$13.72,59,http://dummyimage.com/137x100.png/5fa2dd/ffffff
14,Squid - Breaded,$29.68,26,http://dummyimage.com/165x100.png/dddddd/000000
15,Onions Granulated,$75.68,17,http://dummyimage.com/199x100.png/ff4444/ffffff
16,"Sauce - Bernaise, Mix",$85.48,73,http://dummyimage.com/206x100.png/dddddd/000000
17,Coffee Cup 16oz Foam,$64.81,31,http://dummyimage.com/117x100.png/dddddd/000000
18,"Wine - White, Gewurtzraminer",$45.69,72,http://dummyimage.com/242x100.png/cc0000/ffffff
19,Herb Du Provence - Primerba,$35.80,82,http://dummyimage.com/227x100.png/ff4444/ffffff
20,Beef Striploin Aaa,$64.60,78,http://dummyimage.com/160x100.png/5fa2dd/ffffff
21,Gatorade - Fruit Punch,$81.26,12,http://dummyimage.com/185x100.png/5fa2dd/ffffff
22,Pie Filling - Apple,$91.58,63,http://dummyimage.com/203x100.png/cc0000/ffffff
23,Tea - Orange Pekoe,$86.88,39,http://dummyimage.com/120x100.png/cc0000/ffffff
24,Chicken - Livers,$35.13,88,http://dummyimage.com/153x100.png/cc0000/ffffff
25,Lettuce - Romaine,$62.92,57,http://dummyimage.com/227x100.png/ff4444/ffffff
26,"Mushroom - Shitake, Dry",$89.06,17,http://dummyimage.com/165x100.png/dddddd/000000
27,Capers - Pickled,$15.45,97,http://dummyimage.com/125x100.png/5fa2dd/ffffff
28,Mcguinness - Blue Curacao,$84.01,76,http://dummyimage.com/201x100.png/5fa2dd/ffffff
29,Mountain Dew,$89.79,82,http://dummyimage.com/110x100.png/5fa2dd/ffffff
30,Ham - Proscuitto,$40.11,74,http://dummyimage.com/131x100.png/cc0000/ffffff
31,"Shrimp - Baby, Warm Water",$63.75,97,http://dummyimage.com/175x100.png/cc0000/ffffff
32,Nori Sea Weed,$89.50,13,http://dummyimage.com/135x100.png/dddddd/000000
33,Milk - Condensed,$48.93,29,http://dummyimage.com/179x100.png/5fa2dd/ffffff
34,Emulsifier,$94.45,74,http://dummyimage.com/238x100.png/ff4444/ffffff
35,"Beef - Ground, Extra Lean, Fresh",$11.73,26,http://dummyimage.com/114x100.png/5fa2dd/ffffff
36,Mix - Cappucino Cocktail,$65.33,75,http://dummyimage.com/176x100.png/5fa2dd/ffffff
37,"Tomatoes - Vine Ripe, Red",$71.97,84,http://dummyimage.com/245x100.png/cc0000/ffffff
38,Wine - Cotes Du Rhone,$49.75,43,http://dummyimage.com/184x100.png/dddddd/000000
39,Chocolate - Dark Callets,$91.45,29,http://dummyimage.com/243x100.png/cc0000/ffffff
40,"Salsify, Organic",$98.30,100,http://dummyimage.com/186x100.png/5fa2dd/ffffff
41,Lamb Leg - Bone - In Nz,$56.67,79,http://dummyimage.com/198x100.png/ff4444/ffffff
42,"Lettuce - Romaine, Heart",$99.86,30,http://dummyimage.com/141x100.png/dddddd/000000
43,Chutney Sauce,$87.27,75,http://dummyimage.com/232x100.png/cc0000/ffffff
44,Buttons,$41.03,89,http://dummyimage.com/133x100.png/ff4444/ffffff
45,Cilantro / Coriander - Fresh,$60.30,4,http://dummyimage.com/102x100.png/5fa2dd/ffffff
46,Bar Nature Valley,$50.48,38,http://dummyimage.com/164x100.png/dddddd/000000
47,Sardines,$54.16,54,http://dummyimage.com/131x100.png/5fa2dd/ffffff
48,Eggplant Italian,$15.03,71,http://dummyimage.com/107x100.png/ff4444/ffffff
49,Kellogs All Bran Bars,$22.13,78,http://dummyimage.com/221x100.png/ff4444/ffffff
50,Graham Cracker Mix,$91.00,49,http://dummyimage.com/109x100.png/ff4444/ffffff
51,Capers - Ox Eye Daisy,$77.74,17,http://dummyimage.com/122x100.png/cc0000/ffffff
52,Lettuce - Romaine,$32.80,85,http://dummyimage.com/178x100.png/cc0000/ffffff
53,Tomatoes - Cherry,$63.30,36,http://dummyimage.com/146x100.png/dddddd/000000
54,Chevere Logs,$30.48,9,http://dummyimage.com/201x100.png/5fa2dd/ffffff
55,Chocolate - Dark,$93.51,58,http://dummyimage.com/243x100.png/cc0000/ffffff
56,"Water - Mineral, Natural",$69.21,15,http://dummyimage.com/153x100.png/ff4444/ffffff
57,Whmis Spray Bottle Graduated,$48.77,66,http://dummyimage.com/233x100.png/cc0000/ffffff
58,Tray - 12in Rnd Blk,$19.73,22,http://dummyimage.com/210x100.png/dddddd/000000
59,"Mushroom - Trumpet, Dry",$53.20,86,http://dummyimage.com/128x100.png/cc0000/ffffff
60,"Olives - Black, Pitted",$77.03,99,http://dummyimage.com/142x100.png/ff4444/ffffff
61,Cheese - Brick With Pepper,$14.71,40,http://dummyimage.com/161x100.png/5fa2dd/ffffff
62,Juice - Lagoon Mango,$96.40,14,http://dummyimage.com/169x100.png/dddddd/000000
63,Chocolate Eclairs,$17.26,52,http://dummyimage.com/145x100.png/dddddd/000000
64,Cheese - Perron Cheddar,$71.54,37,http://dummyimage.com/249x100.png/dddddd/000000
65,Compound - Pear,$54.42,81,http://dummyimage.com/163x100.png/cc0000/ffffff
66,Onions - Green,$99.75,64,http://dummyimage.com/115x100.png/5fa2dd/ffffff
67,"Trout - Hot Smkd, Dbl Fillet",$10.26,11,http://dummyimage.com/149x100.png/5fa2dd/ffffff
68,Sterno - Chafing Dish Fuel,$28.01,22,http://dummyimage.com/204x100.png/dddddd/000000
69,Wine - Clavet Saint Emilion,$71.61,10,http://dummyimage.com/122x100.png/ff4444/ffffff
70,"Cheese - Brie,danish",$28.98,96,http://dummyimage.com/133x100.png/ff4444/ffffff
71,Longos - Greek Salad,$99.93,48,http://dummyimage.com/200x100.png/cc0000/ffffff
72,Veal - Leg,$49.38,56,http://dummyimage.com/187x100.png/dddddd/000000
73,Chicken - Leg / Back Attach,$71.94,97,http://dummyimage.com/173x100.png/cc0000/ffffff
74,Beets - Mini Golden,$19.68,33,http://dummyimage.com/242x100.png/5fa2dd/ffffff
75,"Bread - White, Sliced",$58.83,91,http://dummyimage.com/189x100.png/5fa2dd/ffffff
76,Container - Foam Dixie 12 Oz,$25.10,41,http://dummyimage.com/224x100.png/cc0000/ffffff
77,Schnappes Peppermint - Walker,$74.08,80,http://dummyimage.com/132x100.png/ff4444/ffffff
78,"Soup - French Onion, Dry",$60.85,44,http://dummyimage.com/122x100.png/ff4444/ffffff
79,Versatainer Nc - 9388,$93.09,53,http://dummyimage.com/219x100.png/dddddd/000000
80,Kellogs Raisan Bran Bars,$56.65,51,http://dummyimage.com/231x100.png/dddddd/000000
81,Turkey - Oven Roast Breast,$49.65,57,http://dummyimage.com/190x100.png/dddddd/000000
82,Thyme - Dried,$98.15,83,http://dummyimage.com/250x100.png/dddddd/000000
83,Nori Sea Weed - Gold Label,$91.08,73,http://dummyimage.com/194x100.png/dddddd/000000
84,Lobak,$65.62,27,http://dummyimage.com/162x100.png/cc0000/ffffff
85,"Fish - Base, Bouillion",$89.26,44,http://dummyimage.com/124x100.png/dddddd/000000
86,Wine - Placido Pinot Grigo,$25.90,66,http://dummyimage.com/150x100.png/dddddd/000000
87,"Hickory Smoke, Liquid",$74.01,62,http://dummyimage.com/175x100.png/dddddd/000000
88,Wine - Stoneliegh Sauvignon,$50.85,25,http://dummyimage.com/205x100.png/cc0000/ffffff
89,"Sauce - Black Current, Dry Mix",$97.76,32,http://dummyimage.com/200x100.png/ff4444/ffffff
90,Raspberries - Fresh,$61.95,22,http://dummyimage.com/230x100.png/5fa2dd/ffffff
91,Wine - Rosso Toscano Igt,$49.09,54,http://dummyimage.com/130x100.png/ff4444/ffffff
92,"Fish - Atlantic Salmon, Cold",$82.20,40,http://dummyimage.com/219x100.png/ff4444/ffffff
93,Lamb - Shanks,$52.31,33,http://dummyimage.com/240x100.png/5fa2dd/ffffff
94,Turkey - Oven Roast Breast,$84.91,38,http://dummyimage.com/142x100.png/ff4444/ffffff
95,The Pop Shoppe - Lime Rickey,$88.58,19,http://dummyimage.com/119x100.png/ff4444/ffffff
96,Wiberg Cure,$61.61,20,http://dummyimage.com/123x100.png/cc0000/ffffff
97,Fruit Salad Deluxe,$40.91,35,http://dummyimage.com/162x100.png/dddddd/000000
98,Pepper - Chili Powder,$97.68,26,http://dummyimage.com/200x100.png/5fa2dd/ffffff
99,Octopus,$59.33,23,http://dummyimage.com/248x100.png/cc0000/ffffff
100,Sugar - Crumb,$85.04,53,http://dummyimage.com/126x100.png/cc0000/ffffff
101,"Shrimp - 16 - 20 Cooked, Peeled",$27.76,29,http://dummyimage.com/223x100.png/cc0000/ffffff
102,Tarragon - Fresh,$66.45,75,http://dummyimage.com/243x100.png/cc0000/ffffff
103,Lobster - Canned Premium,$18.59,56,http://dummyimage.com/223x100.png/dddddd/000000
104,Beef - Kobe Striploin,$42.86,67,http://dummyimage.com/122x100.png/5fa2dd/ffffff
105,Appetizer - Veg Assortment,$47.32,40,http://dummyimage.com/151x100.png/5fa2dd/ffffff
106,Vinegar - Sherry,$23.45,37,http://dummyimage.com/116x100.png/ff4444/ffffff
107,Veal - Striploin,$92.09,2,http://dummyimage.com/127x100.png/5fa2dd/ffffff
108,Pork - Bacon Cooked Slcd,$87.35,91,http://dummyimage.com/190x100.png/ff4444/ffffff
109,Appetiser - Bought,$87.87,57,http://dummyimage.com/106x100.png/dddddd/000000
110,Propel Sport Drink,$90.29,90,http://dummyimage.com/242x100.png/ff4444/ffffff
111,"Tart Shells - Savory, 3",$45.33,27,http://dummyimage.com/111x100.png/dddddd/000000
112,Towel Multifold,$89.13,49,http://dummyimage.com/195x100.png/dddddd/000000
113,"Water, Tap",$39.84,19,http://dummyimage.com/153x100.png/cc0000/ffffff
114,Muffin Orange Individual,$53.39,56,http://dummyimage.com/156x100.png/ff4444/ffffff
115,Breakfast Quesadillas,$75.96,5,http://dummyimage.com/246x100.png/cc0000/ffffff
116,Gelatine Leaves - Bulk,$97.22,57,http://dummyimage.com/216x100.png/dddddd/000000
117,Vector Energy Bar,$97.13,97,http://dummyimage.com/235x100.png/5fa2dd/ffffff
118,"Tart Shells - Savory, 2",$15.48,26,http://dummyimage.com/158x100.png/ff4444/ffffff
119,"Pepper - Red, Finger Hot",$81.18,24,http://dummyimage.com/218x100.png/cc0000/ffffff
120,Lemon Tarts,$97.99,44,http://dummyimage.com/122x100.png/dddddd/000000
121,Breadfruit,$87.67,21,http://dummyimage.com/154x100.png/ff4444/ffffff
122,Cheese - Stilton,$24.11,31,http://dummyimage.com/233x100.png/dddddd/000000
123,Guava,$77.57,53,http://dummyimage.com/196x100.png/ff4444/ffffff
124,"Syrup - Monin, Swiss Choclate",$23.76,29,http://dummyimage.com/214x100.png/ff4444/ffffff
125,Brandy - Bar,$42.45,33,http://dummyimage.com/182x100.png/5fa2dd/ffffff
126,Fork - Plastic,$65.39,29,http://dummyimage.com/119x100.png/ff4444/ffffff
127,Rice - Jasmine Sented,$29.71,90,http://dummyimage.com/165x100.png/cc0000/ffffff
128,Beans - Kidney White,$56.42,17,http://dummyimage.com/148x100.png/ff4444/ffffff
129,Muffin - Mix - Bran And Maple 15l,$54.18,4,http://dummyimage.com/211x100.png/dddddd/000000
130,Eggplant Oriental,$12.96,94,http://dummyimage.com/168x100.png/ff4444/ffffff
131,Strawberries - California,$33.98,83,http://dummyimage.com/185x100.png/5fa2dd/ffffff
132,"Pepper - Paprika, Spanish",$52.15,12,http://dummyimage.com/196x100.png/5fa2dd/ffffff
133,Wine - Riesling Dr. Pauly,$80.14,92,http://dummyimage.com/148x100.png/5fa2dd/ffffff
134,Sage - Fresh,$31.44,5,http://dummyimage.com/211x100.png/5fa2dd/ffffff
135,Beef - Salted,$64.02,58,http://dummyimage.com/131x100.png/5fa2dd/ffffff
136,Bread - Petit Baguette,$58.04,77,http://dummyimage.com/222x100.png/5fa2dd/ffffff
137,"Bread - Crumbs, Bulk",$49.07,95,http://dummyimage.com/236x100.png/5fa2dd/ffffff
138,"Soup - Campbells, Spinach Crm",$22.58,40,http://dummyimage.com/220x100.png/dddddd/000000
139,"Rum - Dark, Bacardi, Black",$51.84,83,http://dummyimage.com/249x100.png/cc0000/ffffff
140,Creme De Menthe Green,$87.03,27,http://dummyimage.com/135x100.png/dddddd/000000
141,Puree - Strawberry,$44.70,92,http://dummyimage.com/225x100.png/ff4444/ffffff
142,Ginger - Crystalized,$89.28,89,http://dummyimage.com/144x100.png/ff4444/ffffff
143,"Soup - Beef, Base Mix",$63.00,89,http://dummyimage.com/143x100.png/cc0000/ffffff
144,Oil - Macadamia,$85.74,45,http://dummyimage.com/118x100.png/ff4444/ffffff
145,Spice - Greek 1 Step,$43.17,25,http://dummyimage.com/137x100.png/5fa2dd/ffffff
146,Cheese - Goat,$40.37,89,http://dummyimage.com/199x100.png/5fa2dd/ffffff
147,Mint - Fresh,$50.38,20,http://dummyimage.com/111x100.png/dddddd/000000
148,"Wine - Red, Gamay Noir",$17.55,89,http://dummyimage.com/175x100.png/ff4444/ffffff
149,Vinegar - White,$63.65,83,http://dummyimage.com/160x100.png/ff4444/ffffff
150,Lamb - Shoulder,$96.96,40,http://dummyimage.com/203x100.png/5fa2dd/ffffff
151,Duck - Fat,$52.02,45,http://dummyimage.com/202x100.png/dddddd/000000
152,Onions - Cippolini,$30.03,84,http://dummyimage.com/208x100.png/5fa2dd/ffffff
153,"Veal - Insides, Grains",$18.13,24,http://dummyimage.com/172x100.png/cc0000/ffffff
154,Lettuce - Baby Salad Greens,$27.07,83,http://dummyimage.com/119x100.png/dddddd/000000
155,Lemon Balm - Fresh,$34.42,10,http://dummyimage.com/219x100.png/dddddd/000000
156,Chef Hat 20cm,$43.60,59,http://dummyimage.com/242x100.png/dddddd/000000
157,"Lettuce - Mini Greens, Whole",$17.56,65,http://dummyimage.com/245x100.png/ff4444/ffffff
158,Calaloo,$75.68,71,http://dummyimage.com/182x100.png/ff4444/ffffff
159,"Rum - Dark, Bacardi, Black",$36.79,60,http://dummyimage.com/221x100.png/5fa2dd/ffffff
160,Venison - Striploin,$57.51,7,http://dummyimage.com/222x100.png/5fa2dd/ffffff
161,Wine - Charddonnay Errazuriz,$32.31,60,http://dummyimage.com/245x100.png/5fa2dd/ffffff
162,Garlic - Peeled,$60.24,8,http://dummyimage.com/159x100.png/dddddd/000000
163,Kiwi,$12.24,88,http://dummyimage.com/175x100.png/5fa2dd/ffffff
164,Table Cloth 53x69 White,$62.21,98,http://dummyimage.com/209x100.png/dddddd/000000
165,"Carrots - Mini, Stem On",$27.95,91,http://dummyimage.com/207x100.png/cc0000/ffffff
166,Soup - Campbells Beef Stew,$70.38,37,http://dummyimage.com/164x100.png/5fa2dd/ffffff
167,"Bread - Pullman, Sliced",$26.71,53,http://dummyimage.com/236x100.png/dddddd/000000
168,"Pineapple - Canned, Rings",$41.40,74,http://dummyimage.com/229x100.png/dddddd/000000
169,Cheese - Cambozola,$58.71,93,http://dummyimage.com/203x100.png/cc0000/ffffff
170,Lobak,$57.49,77,http://dummyimage.com/125x100.png/ff4444/ffffff
171,Pork - Liver,$65.41,92,http://dummyimage.com/230x100.png/dddddd/000000
172,"Sauce - Black Current, Dry Mix",$37.40,23,http://dummyimage.com/224x100.png/ff4444/ffffff
173,Lettuce - Spring Mix,$58.81,39,http://dummyimage.com/152x100.png/5fa2dd/ffffff
174,Appetizer - Seafood Assortment,$36.12,24,http://dummyimage.com/137x100.png/cc0000/ffffff
175,Pepper - Roasted Red,$18.81,73,http://dummyimage.com/151x100.png/5fa2dd/ffffff
176,Muffin Mix - Morning Glory,$90.29,92,http://dummyimage.com/175x100.png/cc0000/ffffff
177,Gatorade - Xfactor Berry,$92.95,61,http://dummyimage.com/148x100.png/5fa2dd/ffffff
178,Garam Marsala,$23.71,84,http://dummyimage.com/104x100.png/ff4444/ffffff
179,Chips - Assorted,$96.62,66,http://dummyimage.com/234x100.png/5fa2dd/ffffff
180,Flour - Teff,$94.81,72,http://dummyimage.com/164x100.png/5fa2dd/ffffff
181,Chicken - Wieners,$99.77,14,http://dummyimage.com/173x100.png/cc0000/ffffff
182,Dr. Pepper - 355ml,$49.86,42,http://dummyimage.com/217x100.png/ff4444/ffffff
183,Halibut - Steaks,$49.60,53,http://dummyimage.com/221x100.png/cc0000/ffffff
184,Nantucket - Carrot Orange,$92.77,99,http://dummyimage.com/169x100.png/dddddd/000000
185,Pan Grease,$59.56,90,http://dummyimage.com/105x100.png/ff4444/ffffff
186,"Pasta - Rotini, Dry",$74.47,32,http://dummyimage.com/159x100.png/ff4444/ffffff
187,"Lamb - Leg, Boneless",$69.85,45,http://dummyimage.com/228x100.png/5fa2dd/ffffff
188,Beans - Yellow,$74.53,46,http://dummyimage.com/228x100.png/cc0000/ffffff
189,Ketchup - Tomato,$88.23,13,http://dummyimage.com/141x100.png/dddddd/000000
190,Mushroom - Morel Frozen,$64.77,7,http://dummyimage.com/225x100.png/cc0000/ffffff
191,Celery Root,$72.68,92,http://dummyimage.com/144x100.png/5fa2dd/ffffff
192,Potatoes - Parissienne,$77.56,67,http://dummyimage.com/106x100.png/ff4444/ffffff
193,"Stock - Chicken, White",$11.90,69,http://dummyimage.com/209x100.png/5fa2dd/ffffff
194,"Wine - Cahors Ac 2000, Clos",$76.63,57,http://dummyimage.com/108x100.png/dddddd/000000
195,French Kiss Vanilla,$45.30,76,http://dummyimage.com/155x100.png/cc0000/ffffff
196,Cocoa Butter,$99.96,44,http://dummyimage.com/220x100.png/5fa2dd/ffffff
197,Muffin - Banana Nut Individual,$30.76,66,http://dummyimage.com/223x100.png/cc0000/ffffff
198,Soup - Campbells Beef Strogonoff,$12.61,25,http://dummyimage.com/246x100.png/dddddd/000000
199,Lentils - Green Le Puy,$55.09,24,http://dummyimage.com/221x100.png/5fa2dd/ffffff
200,Ecolab Crystal Fusion,$11.38,81,http://dummyimage.com/122x100.png/ff4444/ffffff
201,Spinach - Spinach Leaf,$14.71,11,http://dummyimage.com/110x100.png/cc0000/ffffff
202,Grouper - Fresh,$88.27,27,http://dummyimage.com/109x100.png/5fa2dd/ffffff
203,Beer - Guiness,$97.42,79,http://dummyimage.com/221x100.png/cc0000/ffffff
204,Wine - Hardys Bankside Shiraz,$48.73,84,http://dummyimage.com/173x100.png/cc0000/ffffff
205,Pie Shell - 5,$82.46,51,http://dummyimage.com/152x100.png/5fa2dd/ffffff
206,Madeira,$39.39,28,http://dummyimage.com/196x100.png/cc0000/ffffff
207,Ecolab - Balanced Fusion,$90.21,47,http://dummyimage.com/243x100.png/5fa2dd/ffffff
208,"Bread - Rolls, Corn",$35.78,77,http://dummyimage.com/150x100.png/cc0000/ffffff
209,Wine - Kwv Chenin Blanc South,$12.67,48,http://dummyimage.com/160x100.png/cc0000/ffffff
210,Beans - Soya Bean,$34.32,85,http://dummyimage.com/155x100.png/5fa2dd/ffffff
211,Water - Evian 355 Ml,$89.94,88,http://dummyimage.com/102x100.png/ff4444/ffffff
212,Venison - Racks Frenched,$39.41,57,http://dummyimage.com/157x100.png/5fa2dd/ffffff
213,Chinese Lemon Pork,$88.43,58,http://dummyimage.com/208x100.png/cc0000/ffffff
214,Ham - Black Forest,$67.69,55,http://dummyimage.com/240x100.png/dddddd/000000
215,Red Currant Jelly,$85.23,3,http://dummyimage.com/234x100.png/dddddd/000000
216,Rice - 7 Grain Blend,$85.42,2,http://dummyimage.com/226x100.png/cc0000/ffffff
217,Tomatoes Tear Drop Yellow,$14.19,81,http://dummyimage.com/127x100.png/cc0000/ffffff
218,"Soup - Cream Of Broccoli, Dry",$10.05,3,http://dummyimage.com/238x100.png/dddddd/000000
219,The Pop Shoppe - Root Beer,$99.06,18,http://dummyimage.com/196x100.png/dddddd/000000
220,Butter Balls Salted,$39.18,69,http://dummyimage.com/240x100.png/dddddd/000000
221,Lemon Balm - Fresh,$55.78,9,http://dummyimage.com/131x100.png/dddddd/000000
222,Wine - Montecillo Rioja Crianza,$48.45,24,http://dummyimage.com/231x100.png/5fa2dd/ffffff
223,Miso Paste White,$20.95,63,http://dummyimage.com/101x100.png/ff4444/ffffff
224,Chocolate Bar - Smarties,$61.89,86,http://dummyimage.com/218x100.png/5fa2dd/ffffff
225,Longos - Chicken Curried,$63.32,9,http://dummyimage.com/237x100.png/5fa2dd/ffffff
226,Tamarind Paste,$26.47,40,http://dummyimage.com/116x100.png/cc0000/ffffff
227,Table Cloth 90x90 White,$49.65,32,http://dummyimage.com/149x100.png/ff4444/ffffff
228,Tandoori Curry Paste,$36.55,79,http://dummyimage.com/155x100.png/dddddd/000000
229,Wine - Chateau Aqueria Tavel,$60.60,17,http://dummyimage.com/178x100.png/dddddd/000000
230,"Roe - Lump Fish, Black",$24.71,89,http://dummyimage.com/225x100.png/ff4444/ffffff
231,"Pasta - Lasagna Noodle, Frozen",$93.79,26,http://dummyimage.com/235x100.png/5fa2dd/ffffff
232,Pork - Hock And Feet Attached,$38.20,18,http://dummyimage.com/158x100.png/5fa2dd/ffffff
233,Beets,$46.94,50,http://dummyimage.com/176x100.png/5fa2dd/ffffff
234,"Lamb - Pieces, Diced",$86.34,3,http://dummyimage.com/230x100.png/ff4444/ffffff
235,"Nut - Peanut, Roasted",$84.52,48,http://dummyimage.com/125x100.png/dddddd/000000
236,Scotch - Queen Anne,$88.89,73,http://dummyimage.com/108x100.png/ff4444/ffffff
237,Napkin Colour,$75.23,52,http://dummyimage.com/239x100.png/dddddd/000000
238,Shrimp - 31/40,$91.23,50,http://dummyimage.com/210x100.png/cc0000/ffffff
239,"Dill - Primerba, Paste",$38.53,73,http://dummyimage.com/198x100.png/5fa2dd/ffffff
240,"Juice - V8, Tomato",$62.98,54,http://dummyimage.com/152x100.png/cc0000/ffffff
241,"Basil - Primerba, Paste",$80.80,57,http://dummyimage.com/166x100.png/cc0000/ffffff
242,"Quail - Eggs, Fresh",$53.04,83,http://dummyimage.com/154x100.png/dddddd/000000
243,Icecream - Dibs,$17.41,52,http://dummyimage.com/109x100.png/ff4444/ffffff
244,Bag - Clear 7 Lb,$74.66,35,http://dummyimage.com/215x100.png/5fa2dd/ffffff
245,Cheese - Mix,$89.01,17,http://dummyimage.com/130x100.png/5fa2dd/ffffff
246,"Salsify, Organic",$13.82,19,http://dummyimage.com/209x100.png/5fa2dd/ffffff
247,"Cake Circle, Foil, Scallop",$12.74,10,http://dummyimage.com/126x100.png/ff4444/ffffff
248,Wine - Zonnebloem Pinotage,$26.88,49,http://dummyimage.com/224x100.png/dddddd/000000
249,Cheese - Mix,$92.61,48,http://dummyimage.com/143x100.png/ff4444/ffffff
250,"Veal - Shank, Pieces",$39.96,98,http://dummyimage.com/231x100.png/cc0000/ffffff
251,Sage Ground Wiberg,$76.17,33,http://dummyimage.com/170x100.png/dddddd/000000
252,Creme De Menthe Green,$68.72,14,http://dummyimage.com/244x100.png/dddddd/000000
253,Bagelers - Cinn / Brown,$32.68,23,http://dummyimage.com/201x100.png/5fa2dd/ffffff
254,Flour - Whole Wheat,$89.80,7,http://dummyimage.com/213x100.png/5fa2dd/ffffff
255,Coffee - French Vanilla Frothy,$51.83,18,http://dummyimage.com/236x100.png/5fa2dd/ffffff
256,Langers - Cranberry Cocktail,$36.36,35,http://dummyimage.com/188x100.png/dddddd/000000
257,"Sole - Dover, Whole, Fresh",$99.65,65,http://dummyimage.com/224x100.png/cc0000/ffffff
258,"Rum - White, Gg White",$93.20,84,http://dummyimage.com/217x100.png/5fa2dd/ffffff
259,Cake - Bande Of Fruit,$84.40,59,http://dummyimage.com/240x100.png/ff4444/ffffff
260,Mahi Mahi,$44.98,20,http://dummyimage.com/119x100.png/dddddd/000000
261,Coffee Beans - Chocolate,$63.30,44,http://dummyimage.com/101x100.png/5fa2dd/ffffff
262,"Sauce - Black Current, Dry Mix",$54.30,44,http://dummyimage.com/211x100.png/cc0000/ffffff
263,"Chocolate - Pistoles, White",$61.25,22,http://dummyimage.com/118x100.png/ff4444/ffffff
264,Sausage - Chorizo,$91.09,53,http://dummyimage.com/133x100.png/dddddd/000000
265,Ice Cream Bar - Oreo Cone,$65.89,5,http://dummyimage.com/221x100.png/dddddd/000000
266,Ice Cream - Turtles Stick Bar,$68.15,28,http://dummyimage.com/249x100.png/dddddd/000000
267,Plaintain,$58.75,38,http://dummyimage.com/224x100.png/dddddd/000000
268,Sage - Ground,$98.70,13,http://dummyimage.com/105x100.png/dddddd/000000
269,Creme De Menthe Green,$67.57,55,http://dummyimage.com/230x100.png/5fa2dd/ffffff
270,Turnip - Mini,$82.62,74,http://dummyimage.com/221x100.png/dddddd/000000
271,Coriander - Ground,$70.94,11,http://dummyimage.com/104x100.png/ff4444/ffffff
272,Pumpkin,$39.54,70,http://dummyimage.com/181x100.png/ff4444/ffffff
273,Wine - Cave Springs Dry Riesling,$58.67,8,http://dummyimage.com/199x100.png/5fa2dd/ffffff
274,Flour - Rye,$22.91,88,http://dummyimage.com/221x100.png/5fa2dd/ffffff
275,Vinegar - Cider,$84.27,9,http://dummyimage.com/103x100.png/5fa2dd/ffffff
276,Mangoes,$12.73,31,http://dummyimage.com/185x100.png/5fa2dd/ffffff
277,Lamb Leg - Bone - In Nz,$37.31,46,http://dummyimage.com/157x100.png/dddddd/000000
278,Milk - Chocolate 250 Ml,$93.82,36,http://dummyimage.com/106x100.png/cc0000/ffffff
279,Pastry - Trippleberry Muffin - Mini,$14.34,32,http://dummyimage.com/152x100.png/5fa2dd/ffffff
280,"Chicken - Breast, 5 - 7 Oz",$20.73,65,http://dummyimage.com/173x100.png/dddddd/000000
281,"Pasta - Lasagna, Dry",$70.85,68,http://dummyimage.com/223x100.png/ff4444/ffffff
282,Muffin - Mix - Mango Sour Cherry,$25.92,6,http://dummyimage.com/234x100.png/cc0000/ffffff
283,Compound - Orange,$98.86,53,http://dummyimage.com/118x100.png/5fa2dd/ffffff
284,"Melon - Watermelon, Seedless",$31.15,25,http://dummyimage.com/121x100.png/5fa2dd/ffffff
285,Amaretto,$13.88,33,http://dummyimage.com/183x100.png/cc0000/ffffff
286,Lettuce - Green Leaf,$28.01,14,http://dummyimage.com/193x100.png/ff4444/ffffff
287,Wine - Semi Dry Riesling Vineland,$25.41,62,http://dummyimage.com/107x100.png/ff4444/ffffff
288,"Lamb - Racks, Frenched",$80.47,76,http://dummyimage.com/241x100.png/cc0000/ffffff
289,Container - Clear 32 Oz,$59.66,11,http://dummyimage.com/211x100.png/ff4444/ffffff
290,Veal - Bones,$42.26,26,http://dummyimage.com/217x100.png/cc0000/ffffff
291,Cheese - Brie,$59.45,54,http://dummyimage.com/115x100.png/dddddd/000000
292,Wine - Conde De Valdemar,$60.85,5,http://dummyimage.com/156x100.png/cc0000/ffffff
293,Beef Cheek Fresh,$10.72,77,http://dummyimage.com/143x100.png/dddddd/000000
294,"Wine - White, Pelee Island",$79.89,69,http://dummyimage.com/246x100.png/5fa2dd/ffffff
295,Beer - Maudite,$80.74,14,http://dummyimage.com/248x100.png/dddddd/000000
296,"Mop Head - Cotton, 24 Oz",$23.05,95,http://dummyimage.com/112x100.png/dddddd/000000
297,"Doilies - 7, Paper",$35.58,82,http://dummyimage.com/104x100.png/ff4444/ffffff
298,V8 - Vegetable Cocktail,$17.17,79,http://dummyimage.com/232x100.png/cc0000/ffffff
299,Sesame Seed,$29.28,57,http://dummyimage.com/189x100.png/ff4444/ffffff
300,Bread - English Muffin,$62.20,45,http://dummyimage.com/226x100.png/cc0000/ffffff
301,Bagel - Everything Presliced,$87.25,54,http://dummyimage.com/122x100.png/ff4444/ffffff
302,"Soup - Campbells, Classic Chix",$19.35,21,http://dummyimage.com/112x100.png/ff4444/ffffff
303,Pepper - Gypsy Pepper,$56.02,56,http://dummyimage.com/143x100.png/dddddd/000000
304,Squid Ink,$71.50,35,http://dummyimage.com/184x100.png/cc0000/ffffff
305,"Pasta - Fettuccine, Dry",$85.80,28,http://dummyimage.com/200x100.png/dddddd/000000
306,Clams - Bay,$45.54,21,http://dummyimage.com/244x100.png/ff4444/ffffff
307,Spinach - Baby,$39.22,3,http://dummyimage.com/231x100.png/5fa2dd/ffffff
308,Sour Cream,$23.79,10,http://dummyimage.com/143x100.png/cc0000/ffffff
309,Wine - Magnotta - Cab Franc,$19.43,33,http://dummyimage.com/248x100.png/dddddd/000000
310,"Rosemary - Primerba, Paste",$23.01,98,http://dummyimage.com/199x100.png/dddddd/000000
311,Bag - Regular Kraft 20 Lb,$72.49,74,http://dummyimage.com/160x100.png/dddddd/000000
312,Bread Base - Toscano,$42.62,14,http://dummyimage.com/154x100.png/dddddd/000000
313,Foil Cont Round,$54.96,93,http://dummyimage.com/196x100.png/5fa2dd/ffffff
314,Oil - Pumpkinseed,$42.26,84,http://dummyimage.com/113x100.png/5fa2dd/ffffff
315,"Fish - Atlantic Salmon, Cold",$98.00,24,http://dummyimage.com/236x100.png/5fa2dd/ffffff
316,Peppercorns - Green,$33.78,15,http://dummyimage.com/114x100.png/ff4444/ffffff
317,"Wine - Niagara,vqa Reisling",$74.35,94,http://dummyimage.com/151x100.png/5fa2dd/ffffff
318,Blackberries,$32.71,51,http://dummyimage.com/235x100.png/ff4444/ffffff
319,Wine - Chianti Classico Riserva,$12.80,98,http://dummyimage.com/114x100.png/dddddd/000000
320,Tea - Grapefruit Green Tea,$64.22,21,http://dummyimage.com/248x100.png/5fa2dd/ffffff
321,"Salmon - Smoked, Sliced",$58.53,71,http://dummyimage.com/192x100.png/5fa2dd/ffffff
322,"Mushroom - Enoki, Fresh",$68.09,33,http://dummyimage.com/206x100.png/dddddd/000000
323,Wine - Segura Viudas Aria Brut,$27.93,11,http://dummyimage.com/115x100.png/cc0000/ffffff
324,"Mushroom - Shitake, Dry",$13.47,37,http://dummyimage.com/202x100.png/5fa2dd/ffffff
325,Crackers Cheez It,$62.37,96,http://dummyimage.com/125x100.png/ff4444/ffffff
326,Mussels - Frozen,$51.05,100,http://dummyimage.com/214x100.png/5fa2dd/ffffff
327,Bowl 12 Oz - Showcase 92012,$58.47,26,http://dummyimage.com/184x100.png/ff4444/ffffff
328,Sage - Ground,$38.22,27,http://dummyimage.com/114x100.png/ff4444/ffffff
329,Gloves - Goldtouch Disposable,$14.04,30,http://dummyimage.com/193x100.png/cc0000/ffffff
330,"Thyme - Lemon, Fresh",$23.30,41,http://dummyimage.com/162x100.png/ff4444/ffffff
331,Bread - Italian Roll With Herbs,$15.86,3,http://dummyimage.com/168x100.png/dddddd/000000
332,Tart - Pecan Butter Squares,$25.93,97,http://dummyimage.com/238x100.png/5fa2dd/ffffff
333,Flour - Masa De Harina Mexican,$99.05,83,http://dummyimage.com/173x100.png/5fa2dd/ffffff
334,Vinegar - Rice,$95.12,40,http://dummyimage.com/112x100.png/dddddd/000000
335,"Lemonade - Strawberry, 591 Ml",$18.79,34,http://dummyimage.com/206x100.png/cc0000/ffffff
336,"Nut - Pine Nuts, Whole",$88.76,64,http://dummyimage.com/163x100.png/cc0000/ffffff
337,Zucchini - Yellow,$42.71,60,http://dummyimage.com/230x100.png/ff4444/ffffff
338,Smirnoff Green Apple Twist,$56.26,99,http://dummyimage.com/192x100.png/ff4444/ffffff
339,Bagelers - Cinn / Brown Sugar,$47.14,46,http://dummyimage.com/216x100.png/5fa2dd/ffffff
340,Pate - Peppercorn,$59.48,28,http://dummyimage.com/196x100.png/cc0000/ffffff
341,Sobe - Cranberry Grapefruit,$91.23,96,http://dummyimage.com/234x100.png/cc0000/ffffff
342,Steel Wool S.o.s,$23.53,75,http://dummyimage.com/153x100.png/ff4444/ffffff
343,Nantucket Orange Juice,$95.22,58,http://dummyimage.com/215x100.png/cc0000/ffffff
344,Wine - Gato Negro Cabernet,$39.10,55,http://dummyimage.com/143x100.png/5fa2dd/ffffff
345,Paper - Brown Paper Mini Cups,$97.17,72,http://dummyimage.com/101x100.png/dddddd/000000
346,Foil Cont Round,$61.44,86,http://dummyimage.com/207x100.png/cc0000/ffffff
347,Extract - Raspberry,$42.01,69,http://dummyimage.com/142x100.png/5fa2dd/ffffff
348,Island Oasis - Peach Daiquiri,$75.50,26,http://dummyimage.com/176x100.png/ff4444/ffffff
349,Cookie - Dough Variety,$92.95,96,http://dummyimage.com/152x100.png/5fa2dd/ffffff
350,Ice Cream Bar - Hageen Daz To,$75.78,92,http://dummyimage.com/226x100.png/dddddd/000000
351,"Juice - V8, Tomato",$65.73,28,http://dummyimage.com/238x100.png/dddddd/000000
352,"Coke - Diet, 355 Ml",$41.65,9,http://dummyimage.com/131x100.png/cc0000/ffffff
353,Scallops - 10/20,$88.16,46,http://dummyimage.com/241x100.png/dddddd/000000
354,Pork - Belly Fresh,$44.14,26,http://dummyimage.com/118x100.png/ff4444/ffffff
355,"Beef - Kindney, Whole",$23.80,36,http://dummyimage.com/176x100.png/dddddd/000000
356,Rye Special Old,$43.86,20,http://dummyimage.com/244x100.png/ff4444/ffffff
357,"Oregano - Dry, Rubbed",$69.57,76,http://dummyimage.com/227x100.png/cc0000/ffffff
358,Soup - Campbells Beef Strogonoff,$77.19,32,http://dummyimage.com/125x100.png/cc0000/ffffff
359,Durian Fruit,$79.85,66,http://dummyimage.com/178x100.png/dddddd/000000
360,Island Oasis - Wildberry,$40.26,76,http://dummyimage.com/199x100.png/dddddd/000000
361,Beer - Upper Canada Light,$51.08,29,http://dummyimage.com/190x100.png/5fa2dd/ffffff
362,Shrimp - Tiger 21/25,$77.76,82,http://dummyimage.com/239x100.png/dddddd/000000
363,Bread - Bistro White,$90.66,76,http://dummyimage.com/171x100.png/ff4444/ffffff
364,Wine - Fontanafredda Barolo,$52.58,53,http://dummyimage.com/184x100.png/cc0000/ffffff
365,Bread - Pain Au Liat X12,$79.13,8,http://dummyimage.com/115x100.png/ff4444/ffffff
366,Mustard - Pommery,$44.20,90,http://dummyimage.com/145x100.png/dddddd/000000
367,Stainless Steel Cleaner Vision,$99.88,69,http://dummyimage.com/179x100.png/dddddd/000000
368,Browning Caramel Glace,$42.50,72,http://dummyimage.com/132x100.png/5fa2dd/ffffff
369,"Onions - Dried, Chopped",$39.30,27,http://dummyimage.com/157x100.png/cc0000/ffffff
370,Plasticknivesblack,$97.65,93,http://dummyimage.com/104x100.png/dddddd/000000
371,Tea - English Breakfast,$49.53,40,http://dummyimage.com/145x100.png/cc0000/ffffff
372,"Cheese - Havarti, Roasted Garlic",$49.82,25,http://dummyimage.com/246x100.png/cc0000/ffffff
373,Wine - Manischewitz Concord,$17.74,84,http://dummyimage.com/176x100.png/ff4444/ffffff
374,Cornflakes,$70.72,57,http://dummyimage.com/163x100.png/cc0000/ffffff
375,Chocolate - Dark,$31.26,44,http://dummyimage.com/150x100.png/5fa2dd/ffffff
376,Squid U5 - Thailand,$38.45,52,http://dummyimage.com/230x100.png/ff4444/ffffff
377,Appetizer - Chicken Satay,$32.13,64,http://dummyimage.com/138x100.png/dddddd/000000
378,"Pork - Back, Long Cut, Boneless",$19.01,4,http://dummyimage.com/232x100.png/ff4444/ffffff
379,"Appetizer - Mini Egg Roll, Shrimp",$76.32,55,http://dummyimage.com/234x100.png/dddddd/000000
380,Dc - Sakura Fu,$51.52,55,http://dummyimage.com/198x100.png/cc0000/ffffff
381,Soup - Campbells Broccoli,$90.42,63,http://dummyimage.com/171x100.png/dddddd/000000
382,"Jam - Raspberry,jar",$98.59,43,http://dummyimage.com/220x100.png/dddddd/000000
383,Cotton Wet Mop 16 Oz,$83.66,51,http://dummyimage.com/104x100.png/5fa2dd/ffffff
384,Mushroom - King Eryingii,$64.13,7,http://dummyimage.com/189x100.png/dddddd/000000
385,Cod - Black Whole Fillet,$59.52,77,http://dummyimage.com/154x100.png/dddddd/000000
386,Beef - Flank Steak,$82.19,21,http://dummyimage.com/150x100.png/dddddd/000000
387,"Sauce - Apple, Unsweetened",$15.50,73,http://dummyimage.com/117x100.png/dddddd/000000
388,Lychee - Canned,$70.58,12,http://dummyimage.com/200x100.png/5fa2dd/ffffff
389,Fruit Salad Deluxe,$21.75,44,http://dummyimage.com/232x100.png/cc0000/ffffff
390,Papayas,$60.53,73,http://dummyimage.com/169x100.png/dddddd/000000
391,Veal - Kidney,$48.87,83,http://dummyimage.com/146x100.png/cc0000/ffffff
392,"Nut - Almond, Blanched, Sliced",$57.48,60,http://dummyimage.com/192x100.png/5fa2dd/ffffff
393,Onions - Cooking,$99.91,34,http://dummyimage.com/126x100.png/5fa2dd/ffffff
394,Wine - Chablis J Moreau Et Fils,$61.31,58,http://dummyimage.com/214x100.png/ff4444/ffffff
395,"Croissant, Raw - Mini",$63.24,55,http://dummyimage.com/220x100.png/5fa2dd/ffffff
396,Kahlua,$45.21,18,http://dummyimage.com/146x100.png/5fa2dd/ffffff
397,"Turkey - Breast, Smoked",$70.02,52,http://dummyimage.com/171x100.png/cc0000/ffffff
398,Oil - Margarine,$43.06,4,http://dummyimage.com/171x100.png/dddddd/000000
399,"Pineapple - Canned, Rings",$81.01,5,http://dummyimage.com/222x100.png/dddddd/000000
400,Juice - Propel Sport,$55.76,33,http://dummyimage.com/172x100.png/5fa2dd/ffffff
401,Bandage - Finger Cots,$75.17,77,http://dummyimage.com/177x100.png/5fa2dd/ffffff
402,Wine - Guy Sage Touraine,$38.80,2,http://dummyimage.com/148x100.png/ff4444/ffffff
403,"Beef - Baby, Liver",$66.14,90,http://dummyimage.com/187x100.png/dddddd/000000
404,Nantucket - Carrot Orange,$76.28,3,http://dummyimage.com/115x100.png/cc0000/ffffff
405,Fuji Apples,$13.53,43,http://dummyimage.com/181x100.png/5fa2dd/ffffff
406,Lettuce - Frisee,$46.82,82,http://dummyimage.com/105x100.png/ff4444/ffffff
407,Baking Soda,$64.04,87,http://dummyimage.com/111x100.png/ff4444/ffffff
408,"Nut - Pine Nuts, Whole",$45.05,54,http://dummyimage.com/158x100.png/cc0000/ffffff
409,Whmis Spray Bottle Graduated,$53.67,95,http://dummyimage.com/195x100.png/5fa2dd/ffffff
410,Waffle Stix,$91.32,94,http://dummyimage.com/148x100.png/dddddd/000000
411,"Nut - Cashews, Whole, Raw",$65.99,59,http://dummyimage.com/175x100.png/cc0000/ffffff
412,Beef - Ground Medium,$55.77,16,http://dummyimage.com/184x100.png/ff4444/ffffff
413,Skewers - Bamboo,$29.55,79,http://dummyimage.com/112x100.png/dddddd/000000
414,Asparagus - Mexican,$93.91,15,http://dummyimage.com/149x100.png/5fa2dd/ffffff
415,Pastry - Raisin Muffin - Mini,$64.80,11,http://dummyimage.com/170x100.png/dddddd/000000
416,Chick Peas - Canned,$65.43,8,http://dummyimage.com/162x100.png/5fa2dd/ffffff
417,Wine - Sake,$91.33,15,http://dummyimage.com/243x100.png/dddddd/000000
418,Gelatine Powder,$78.81,16,http://dummyimage.com/135x100.png/cc0000/ffffff
419,Pepperoni Slices,$74.23,38,http://dummyimage.com/120x100.png/dddddd/000000
420,Chocolate - Semi Sweet,$78.43,78,http://dummyimage.com/118x100.png/cc0000/ffffff
421,Chinese Foods - Thick Noodles,$37.97,36,http://dummyimage.com/245x100.png/ff4444/ffffff
422,"Bread - Pullman, Sliced",$82.96,42,http://dummyimage.com/182x100.png/ff4444/ffffff
423,Pepsi - 600ml,$65.36,62,http://dummyimage.com/142x100.png/ff4444/ffffff
424,"Juice - Pineapple, 48 Oz",$93.56,19,http://dummyimage.com/240x100.png/5fa2dd/ffffff
425,"Club Soda - Schweppes, 355 Ml",$55.72,68,http://dummyimage.com/225x100.png/5fa2dd/ffffff
426,"Sauce - Soya, Light",$69.57,57,http://dummyimage.com/233x100.png/cc0000/ffffff
427,Table Cloth 53x53 White,$80.62,41,http://dummyimage.com/150x100.png/5fa2dd/ffffff
428,Wine - Bouchard La Vignee Pinot,$41.27,23,http://dummyimage.com/208x100.png/dddddd/000000
429,Bamboo Shoots - Sliced,$78.80,7,http://dummyimage.com/182x100.png/5fa2dd/ffffff
430,Beans - Soya Bean,$21.09,32,http://dummyimage.com/167x100.png/ff4444/ffffff
431,Tea - Mint,$29.85,62,http://dummyimage.com/106x100.png/dddddd/000000
432,Fruit Mix - Light,$42.38,30,http://dummyimage.com/155x100.png/dddddd/000000
433,Table Cloth 54x54 White,$81.22,57,http://dummyimage.com/151x100.png/dddddd/000000
434,Beets - Pickled,$99.77,100,http://dummyimage.com/111x100.png/cc0000/ffffff
435,Wine - Zinfandel California 2002,$93.55,90,http://dummyimage.com/190x100.png/dddddd/000000
436,"Spoon - Soup, Plastic",$86.76,29,http://dummyimage.com/215x100.png/ff4444/ffffff
437,Chocolate - Feathers,$77.37,21,http://dummyimage.com/144x100.png/ff4444/ffffff
438,Macaroons - Homestyle Two Bit,$49.57,92,http://dummyimage.com/187x100.png/dddddd/000000
439,Flour - Strong,$42.49,23,http://dummyimage.com/107x100.png/ff4444/ffffff
440,Magnotta Bel Paese Red,$59.76,89,http://dummyimage.com/131x100.png/ff4444/ffffff
441,Squid - U - 10 Thailand,$61.74,64,http://dummyimage.com/107x100.png/dddddd/000000
442,"Wine - Red, Cooking",$40.30,34,http://dummyimage.com/203x100.png/cc0000/ffffff
443,Momiji Oroshi Chili Sauce,$49.12,14,http://dummyimage.com/154x100.png/cc0000/ffffff
444,Potatoes - Mini Red,$72.05,20,http://dummyimage.com/226x100.png/cc0000/ffffff
445,Cheese - Pont Couvert,$28.97,74,http://dummyimage.com/157x100.png/cc0000/ffffff
446,Asparagus - Mexican,$71.04,78,http://dummyimage.com/135x100.png/dddddd/000000
447,Olives - Kalamata,$92.03,43,http://dummyimage.com/194x100.png/cc0000/ffffff
448,"Napkin - Dinner, White",$83.34,8,http://dummyimage.com/196x100.png/cc0000/ffffff
449,Buffalo - Tenderloin,$64.34,36,http://dummyimage.com/127x100.png/ff4444/ffffff
450,Cake Slab,$30.53,85,http://dummyimage.com/142x100.png/ff4444/ffffff
451,Coffee - Flavoured,$94.44,11,http://dummyimage.com/172x100.png/cc0000/ffffff
452,Wine - Cave Springs Dry Riesling,$23.75,65,http://dummyimage.com/204x100.png/5fa2dd/ffffff
453,Fiddlehead - Frozen,$79.84,59,http://dummyimage.com/195x100.png/dddddd/000000
454,Bread - Multigrain,$76.74,65,http://dummyimage.com/246x100.png/ff4444/ffffff
455,Crab Meat Claw Pasteurise,$86.03,28,http://dummyimage.com/138x100.png/cc0000/ffffff
456,"Wine - White, Mosel Gold",$14.61,63,http://dummyimage.com/227x100.png/dddddd/000000
457,Cactus Pads,$85.75,48,http://dummyimage.com/145x100.png/dddddd/000000
458,Squash - Acorn,$79.22,5,http://dummyimage.com/238x100.png/ff4444/ffffff
459,Coconut Milk - Unsweetened,$73.88,18,http://dummyimage.com/172x100.png/ff4444/ffffff
460,Tarragon - Fresh,$95.34,48,http://dummyimage.com/195x100.png/cc0000/ffffff
461,Bag - Clear 7 Lb,$39.44,27,http://dummyimage.com/204x100.png/dddddd/000000
462,Coffee - 10oz Cup 92961,$94.03,16,http://dummyimage.com/109x100.png/dddddd/000000
463,Appetizer - Southwestern,$45.32,98,http://dummyimage.com/243x100.png/5fa2dd/ffffff
464,Bandage - Finger Cots,$37.47,83,http://dummyimage.com/155x100.png/dddddd/000000
465,Soup - Campbells Beef Strogonoff,$44.33,43,http://dummyimage.com/100x100.png/ff4444/ffffff
466,Bread - Kimel Stick Poly,$33.63,91,http://dummyimage.com/144x100.png/dddddd/000000
467,Longos - Assorted Sandwich,$71.96,57,http://dummyimage.com/240x100.png/5fa2dd/ffffff
468,Tea - Herbal - 6 Asst,$47.34,6,http://dummyimage.com/136x100.png/5fa2dd/ffffff
469,"Wine - Red, Pinot Noir, Chateau",$99.73,33,http://dummyimage.com/244x100.png/5fa2dd/ffffff
470,Eggroll,$80.16,59,http://dummyimage.com/105x100.png/ff4444/ffffff
471,Bulgar,$73.18,76,http://dummyimage.com/224x100.png/cc0000/ffffff
472,Nantucket Orange Juice,$62.90,30,http://dummyimage.com/149x100.png/5fa2dd/ffffff
473,Pastry - Banana Muffin - Mini,$56.54,25,http://dummyimage.com/110x100.png/5fa2dd/ffffff
474,Ecolab Crystal Fusion,$44.12,77,http://dummyimage.com/214x100.png/ff4444/ffffff
475,Carbonated Water - Peach,$51.85,48,http://dummyimage.com/197x100.png/dddddd/000000
476,Tomatoes - Hot House,$23.25,71,http://dummyimage.com/127x100.png/cc0000/ffffff
477,"Crab - Dungeness, Whole",$27.38,20,http://dummyimage.com/205x100.png/dddddd/000000
478,"Soup - Campbells, Lentil",$41.50,99,http://dummyimage.com/178x100.png/5fa2dd/ffffff
479,Asparagus - Frozen,$64.26,32,http://dummyimage.com/226x100.png/5fa2dd/ffffff
480,Containter - 3oz Microwave Rect.,$81.22,59,http://dummyimage.com/248x100.png/cc0000/ffffff
481,Juice - Happy Planet,$60.55,24,http://dummyimage.com/186x100.png/dddddd/000000
482,Ice Cream Bar - Oreo Sandwich,$73.72,60,http://dummyimage.com/182x100.png/5fa2dd/ffffff
483,Pate - Liver,$45.49,82,http://dummyimage.com/151x100.png/ff4444/ffffff
484,Towel - Roll White,$46.91,34,http://dummyimage.com/159x100.png/ff4444/ffffff
485,"Cheese - Boursin, Garlic / Herbs",$96.68,88,http://dummyimage.com/106x100.png/ff4444/ffffff
486,Tomato - Peeled Italian Canned,$39.62,69,http://dummyimage.com/209x100.png/ff4444/ffffff
487,Halibut - Fletches,$44.11,62,http://dummyimage.com/173x100.png/dddddd/000000
488,Bread - Pumpernickel,$45.08,33,http://dummyimage.com/235x100.png/cc0000/ffffff
489,Sage - Fresh,$89.17,75,http://dummyimage.com/127x100.png/dddddd/000000
490,Bread - White Epi Baguette,$77.14,46,http://dummyimage.com/103x100.png/dddddd/000000
491,Bread - Raisin Walnut Oval,$98.80,51,http://dummyimage.com/184x100.png/5fa2dd/ffffff
492,Dried Cranberries,$96.00,4,http://dummyimage.com/155x100.png/ff4444/ffffff
493,Garbage Bags - Clear,$75.28,36,http://dummyimage.com/130x100.png/dddddd/000000
494,Ice Cream Bar - Oreo Cone,$37.92,98,http://dummyimage.com/175x100.png/5fa2dd/ffffff
495,Lime Cordial - Roses,$37.42,46,http://dummyimage.com/116x100.png/5fa2dd/ffffff
496,Crackers - Melba Toast,$37.74,85,http://dummyimage.com/190x100.png/5fa2dd/ffffff
497,Rice - Wild,$77.87,94,http://dummyimage.com/119x100.png/ff4444/ffffff
498,Wine - Touraine Azay - Le - Rideau,$88.74,35,http://dummyimage.com/210x100.png/5fa2dd/ffffff
499,Pastry - Banana Muffin - Mini,$86.40,93,http://dummyimage.com/230x100.png/cc0000/ffffff
500,"Wine - White, Pinot Grigio",$61.45,32,http://dummyimage.com/159x100.png/5fa2dd/ffffff
501,Salmon - Sockeye Raw,$94.17,58,http://dummyimage.com/167x100.png/dddddd/000000
502,"Vermouth - Sweet, Cinzano",$65.27,38,http://dummyimage.com/180x100.png/cc0000/ffffff
503,Cinnamon Rolls,$68.24,62,http://dummyimage.com/250x100.png/cc0000/ffffff
504,Tomato - Plum With Basil,$58.93,58,http://dummyimage.com/228x100.png/dddddd/000000
505,Chickensplit Half,$70.03,15,http://dummyimage.com/171x100.png/ff4444/ffffff
506,Silicone Paper 16.5x24,$13.19,19,http://dummyimage.com/150x100.png/cc0000/ffffff
507,Artichoke - Fresh,$62.82,61,http://dummyimage.com/179x100.png/dddddd/000000
508,Flour - All Purpose,$87.11,37,http://dummyimage.com/101x100.png/ff4444/ffffff
509,Greens Mustard,$22.32,17,http://dummyimage.com/188x100.png/5fa2dd/ffffff
510,Tea - Black Currant,$76.15,22,http://dummyimage.com/204x100.png/dddddd/000000
511,Breakfast Quesadillas,$56.54,68,http://dummyimage.com/219x100.png/5fa2dd/ffffff
512,Bread Base - Gold Formel,$60.87,10,http://dummyimage.com/161x100.png/ff4444/ffffff
513,Extract - Lemon,$47.26,68,http://dummyimage.com/232x100.png/5fa2dd/ffffff
514,"Crush - Grape, 355 Ml",$12.72,5,http://dummyimage.com/162x100.png/cc0000/ffffff
515,Cumin - Ground,$66.00,28,http://dummyimage.com/181x100.png/dddddd/000000
516,Wine - Gato Negro Cabernet,$51.83,66,http://dummyimage.com/205x100.png/5fa2dd/ffffff
517,"Vinegar - Balsamic, White",$17.16,89,http://dummyimage.com/217x100.png/dddddd/000000
518,"Tart Shells - Sweet, 4",$49.68,52,http://dummyimage.com/213x100.png/5fa2dd/ffffff
519,Butter Ripple - Phillips,$78.17,3,http://dummyimage.com/180x100.png/ff4444/ffffff
520,Pepper - Jalapeno,$74.24,2,http://dummyimage.com/246x100.png/5fa2dd/ffffff
521,Taro Leaves,$22.77,69,http://dummyimage.com/162x100.png/5fa2dd/ffffff
522,Chinese Lemon Pork,$31.15,10,http://dummyimage.com/159x100.png/dddddd/000000
523,Island Oasis - Mango Daiquiri,$92.91,6,http://dummyimage.com/249x100.png/dddddd/000000
524,"Jam - Strawberry, 20 Ml Jar",$39.58,73,http://dummyimage.com/205x100.png/ff4444/ffffff
525,"Marjoram - Dried, Rubbed",$33.49,53,http://dummyimage.com/101x100.png/cc0000/ffffff
526,"Stock - Beef, White",$81.64,3,http://dummyimage.com/249x100.png/ff4444/ffffff
527,Chambord Royal,$18.36,16,http://dummyimage.com/136x100.png/ff4444/ffffff
528,Pie Shells 10,$79.52,63,http://dummyimage.com/153x100.png/dddddd/000000
529,Wine - Cotes Du Rhone,$40.33,28,http://dummyimage.com/157x100.png/dddddd/000000
530,Sour Puss - Tangerine,$70.57,28,http://dummyimage.com/116x100.png/ff4444/ffffff
531,Pears - Bosc,$13.55,81,http://dummyimage.com/247x100.png/dddddd/000000
532,Beer - Molson Excel,$22.46,81,http://dummyimage.com/242x100.png/dddddd/000000
533,Cranberries - Fresh,$60.79,73,http://dummyimage.com/148x100.png/5fa2dd/ffffff
534,Creme De Menth - White,$64.05,88,http://dummyimage.com/236x100.png/cc0000/ffffff
535,Mangoes,$71.26,35,http://dummyimage.com/229x100.png/cc0000/ffffff
536,Wine - Jafflin Bourgongone,$11.34,31,http://dummyimage.com/178x100.png/5fa2dd/ffffff
537,Rappini - Andy Boy,$55.13,69,http://dummyimage.com/125x100.png/dddddd/000000
538,Sobe - Tropical Energy,$20.72,77,http://dummyimage.com/116x100.png/ff4444/ffffff
539,Tea - Vanilla Chai,$61.10,83,http://dummyimage.com/190x100.png/dddddd/000000
540,Olives - Kalamata,$24.65,95,http://dummyimage.com/187x100.png/5fa2dd/ffffff
541,Baking Soda,$43.88,58,http://dummyimage.com/133x100.png/cc0000/ffffff
542,Thyme - Fresh,$47.38,71,http://dummyimage.com/120x100.png/ff4444/ffffff
543,"Pasta - Penne Primavera, Single",$74.80,53,http://dummyimage.com/175x100.png/ff4444/ffffff
544,Bread - Malt,$48.19,81,http://dummyimage.com/213x100.png/cc0000/ffffff
545,Parsley - Fresh,$69.14,67,http://dummyimage.com/112x100.png/5fa2dd/ffffff
546,Worcestershire Sauce,$49.97,20,http://dummyimage.com/103x100.png/ff4444/ffffff
547,"Lamb - Whole, Frozen",$77.34,39,http://dummyimage.com/187x100.png/5fa2dd/ffffff
548,Gingerale - Diet - Schweppes,$83.59,82,http://dummyimage.com/152x100.png/dddddd/000000
549,Cake Sheet Combo Party Pack,$62.65,39,http://dummyimage.com/146x100.png/5fa2dd/ffffff
550,Bread - Sour Batard,$92.71,2,http://dummyimage.com/238x100.png/cc0000/ffffff
551,Wine - Lamancha Do Crianza,$54.27,47,http://dummyimage.com/180x100.png/ff4444/ffffff
552,Table Cloth 144x90 White,$30.20,80,http://dummyimage.com/223x100.png/cc0000/ffffff
553,"Wine - White, Mosel Gold",$87.69,6,http://dummyimage.com/115x100.png/cc0000/ffffff
554,Oil - Peanut,$36.70,70,http://dummyimage.com/236x100.png/dddddd/000000
555,"Beef - Tenderlion, Center Cut",$17.08,65,http://dummyimage.com/102x100.png/cc0000/ffffff
556,Cheese - St. Andre,$73.46,5,http://dummyimage.com/177x100.png/5fa2dd/ffffff
557,Lemon Grass,$95.95,5,http://dummyimage.com/202x100.png/cc0000/ffffff
558,Swiss Chard - Red,$24.26,67,http://dummyimage.com/105x100.png/5fa2dd/ffffff
559,"Pesto - Primerba, Paste",$33.59,69,http://dummyimage.com/192x100.png/5fa2dd/ffffff
560,Oregano - Fresh,$70.81,24,http://dummyimage.com/250x100.png/5fa2dd/ffffff
561,Veal - Insides Provini,$28.30,74,http://dummyimage.com/174x100.png/cc0000/ffffff
562,Wine - Baron De Rothschild,$17.74,6,http://dummyimage.com/189x100.png/dddddd/000000
563,Russian Prince,$88.34,63,http://dummyimage.com/124x100.png/ff4444/ffffff
564,Mcguinness - Blue Curacao,$64.17,8,http://dummyimage.com/197x100.png/dddddd/000000
565,"Wine - Cahors Ac 2000, Clos",$21.70,80,http://dummyimage.com/140x100.png/5fa2dd/ffffff
566,Bread - Multigrain,$54.58,98,http://dummyimage.com/178x100.png/5fa2dd/ffffff
567,Godiva White Chocolate,$62.50,91,http://dummyimage.com/177x100.png/cc0000/ffffff
568,Potato - Sweet,$66.82,21,http://dummyimage.com/168x100.png/ff4444/ffffff
569,Tea - Lemon Green Tea,$21.71,97,http://dummyimage.com/120x100.png/dddddd/000000
570,Beets - Mini Golden,$69.67,13,http://dummyimage.com/130x100.png/5fa2dd/ffffff
571,Pork - Hock And Feet Attached,$63.31,42,http://dummyimage.com/248x100.png/ff4444/ffffff
572,Fennel,$31.63,99,http://dummyimage.com/178x100.png/cc0000/ffffff
573,The Pop Shoppe - Grape,$87.48,17,http://dummyimage.com/107x100.png/dddddd/000000
574,Dawn Professionl Pot And Pan,$55.60,71,http://dummyimage.com/196x100.png/cc0000/ffffff
575,Apple - Macintosh,$30.20,38,http://dummyimage.com/178x100.png/5fa2dd/ffffff
576,Bag - Regular Kraft 20 Lb,$50.53,61,http://dummyimage.com/109x100.png/cc0000/ffffff
577,Longan,$59.14,47,http://dummyimage.com/135x100.png/ff4444/ffffff
578,"Pasta - Fettuccine, Egg, Fresh",$43.23,93,http://dummyimage.com/175x100.png/ff4444/ffffff
579,Wine - Vouvray Cuvee Domaine,$47.11,41,http://dummyimage.com/111x100.png/ff4444/ffffff
580,Cassis,$54.65,72,http://dummyimage.com/187x100.png/5fa2dd/ffffff
581,Wine - Spumante Bambino White,$22.83,90,http://dummyimage.com/250x100.png/ff4444/ffffff
582,Quinoa,$21.40,34,http://dummyimage.com/220x100.png/cc0000/ffffff
583,"Soup - Campbells, Spinach Crm",$18.61,44,http://dummyimage.com/180x100.png/ff4444/ffffff
584,Basil - Seedlings Cookstown,$28.31,29,http://dummyimage.com/194x100.png/5fa2dd/ffffff
585,Wine - Chateau Bonnet,$93.64,36,http://dummyimage.com/205x100.png/ff4444/ffffff
586,Island Oasis - Mango Daiquiri,$42.88,84,http://dummyimage.com/219x100.png/cc0000/ffffff
587,Thyme - Fresh,$75.63,12,http://dummyimage.com/154x100.png/5fa2dd/ffffff
588,"Pork - Tenderloin, Frozen",$10.14,99,http://dummyimage.com/199x100.png/ff4444/ffffff
589,"Cake Circle, Foil, Scallop",$95.54,98,http://dummyimage.com/115x100.png/5fa2dd/ffffff
590,Table Cloth 62x114 Colour,$74.95,48,http://dummyimage.com/221x100.png/cc0000/ffffff
591,Chicken Breast Halal,$56.46,14,http://dummyimage.com/237x100.png/ff4444/ffffff
592,Vinegar - Sherry,$66.05,67,http://dummyimage.com/169x100.png/dddddd/000000
593,"Soup - Campbells, Beef Barley",$67.51,31,http://dummyimage.com/122x100.png/ff4444/ffffff
594,"Coffee - Colombian, Portioned",$77.75,52,http://dummyimage.com/167x100.png/5fa2dd/ffffff
595,Lychee,$63.28,21,http://dummyimage.com/144x100.png/ff4444/ffffff
596,Banana,$76.38,73,http://dummyimage.com/156x100.png/dddddd/000000
597,Mussels - Frozen,$11.15,37,http://dummyimage.com/248x100.png/dddddd/000000
598,Creme De Menthe Green,$64.98,15,http://dummyimage.com/161x100.png/dddddd/000000
599,Filo Dough,$46.49,11,http://dummyimage.com/230x100.png/5fa2dd/ffffff
600,"Coconut - Creamed, Pure",$30.85,36,http://dummyimage.com/182x100.png/5fa2dd/ffffff
601,Radish - Pickled,$31.20,40,http://dummyimage.com/231x100.png/cc0000/ffffff
602,Pork - European Side Bacon,$89.19,21,http://dummyimage.com/102x100.png/5fa2dd/ffffff
603,Muffin Chocolate Individual Wrap,$29.43,38,http://dummyimage.com/245x100.png/cc0000/ffffff
604,"Doilies - 12, Paper",$78.23,90,http://dummyimage.com/235x100.png/ff4444/ffffff
605,Cheese - Brick With Pepper,$31.00,39,http://dummyimage.com/164x100.png/dddddd/000000
606,Bandage - Flexible Neon,$29.25,83,http://dummyimage.com/147x100.png/dddddd/000000
607,Wine - Tio Pepe Sherry Fino,$73.35,58,http://dummyimage.com/142x100.png/5fa2dd/ffffff
608,Red Cod Fillets - 225g,$41.72,77,http://dummyimage.com/199x100.png/cc0000/ffffff
609,Lettuce - Lambs Mash,$86.70,75,http://dummyimage.com/200x100.png/dddddd/000000
610,Chick Peas - Canned,$35.38,97,http://dummyimage.com/113x100.png/5fa2dd/ffffff
611,Fruit Mix - Light,$30.25,95,http://dummyimage.com/157x100.png/5fa2dd/ffffff
612,"Beef - Bones, Marrow",$19.06,26,http://dummyimage.com/156x100.png/ff4444/ffffff
613,Berry Brulee,$43.02,49,http://dummyimage.com/112x100.png/dddddd/000000
614,Wine - Vouvray Cuvee Domaine,$17.21,70,http://dummyimage.com/168x100.png/5fa2dd/ffffff
615,Kellogs Special K Cereal,$86.15,68,http://dummyimage.com/224x100.png/dddddd/000000
616,Container - Foam Dixie 12 Oz,$46.34,94,http://dummyimage.com/233x100.png/cc0000/ffffff
617,Okra,$99.27,28,http://dummyimage.com/213x100.png/cc0000/ffffff
618,Turnip - White,$71.48,96,http://dummyimage.com/147x100.png/cc0000/ffffff
619,Cookies - Englishbay Chochip,$70.06,91,http://dummyimage.com/172x100.png/5fa2dd/ffffff
620,"Mushroom - Chantrelle, Fresh",$27.33,39,http://dummyimage.com/202x100.png/5fa2dd/ffffff
621,"Bread - White, Sliced",$40.64,75,http://dummyimage.com/245x100.png/ff4444/ffffff
622,Bay Leaf Fresh,$45.87,96,http://dummyimage.com/229x100.png/ff4444/ffffff
623,Alize Gold Passion,$91.23,97,http://dummyimage.com/140x100.png/5fa2dd/ffffff
624,Greens Mustard,$30.78,59,http://dummyimage.com/148x100.png/cc0000/ffffff
625,Ecolab Digiclean Mild Fm,$69.34,40,http://dummyimage.com/223x100.png/5fa2dd/ffffff
626,Salt - Table,$13.23,92,http://dummyimage.com/123x100.png/ff4444/ffffff
627,"Wine - Red, Marechal Foch",$78.45,84,http://dummyimage.com/138x100.png/ff4444/ffffff
628,Pork - Ground,$18.27,5,http://dummyimage.com/128x100.png/ff4444/ffffff
629,Parsley Italian - Fresh,$99.08,43,http://dummyimage.com/111x100.png/cc0000/ffffff
630,The Pop Shoppe - Root Beer,$61.60,76,http://dummyimage.com/165x100.png/ff4444/ffffff
631,Bouq All Italian - Primerba,$15.87,24,http://dummyimage.com/227x100.png/ff4444/ffffff
632,Beef - Rib Eye Aaa,$86.91,100,http://dummyimage.com/181x100.png/ff4444/ffffff
633,Rice - Basmati,$39.00,59,http://dummyimage.com/140x100.png/dddddd/000000
634,Sugar - Cubes,$55.12,74,http://dummyimage.com/160x100.png/cc0000/ffffff
635,"Flour - Corn, Fine",$69.46,93,http://dummyimage.com/227x100.png/ff4444/ffffff
636,Kale - Red,$55.62,73,http://dummyimage.com/240x100.png/cc0000/ffffff
637,Salad Dressing,$75.43,84,http://dummyimage.com/108x100.png/5fa2dd/ffffff
638,"Ecolab - Orange Frc, Cleaner",$46.47,63,http://dummyimage.com/149x100.png/5fa2dd/ffffff
639,Pastry - Cherry Danish - Mini,$23.42,17,http://dummyimage.com/114x100.png/cc0000/ffffff
640,Soup - Base Broth Chix,$76.87,85,http://dummyimage.com/193x100.png/dddddd/000000
641,Puree - Passion Fruit,$47.96,49,http://dummyimage.com/197x100.png/cc0000/ffffff
642,"C - Plus, Orange",$38.29,88,http://dummyimage.com/228x100.png/5fa2dd/ffffff
643,Jerusalem Artichoke,$46.37,91,http://dummyimage.com/163x100.png/dddddd/000000
644,Tart - Raisin And Pecan,$76.67,27,http://dummyimage.com/212x100.png/5fa2dd/ffffff
645,Orange - Tangerine,$47.62,2,http://dummyimage.com/104x100.png/ff4444/ffffff
646,"Wine - Red, Harrow Estates, Cab",$78.20,23,http://dummyimage.com/142x100.png/dddddd/000000
647,Cauliflower,$89.54,27,http://dummyimage.com/140x100.png/cc0000/ffffff
648,Cheese - Brick With Pepper,$14.78,32,http://dummyimage.com/120x100.png/ff4444/ffffff
649,Orange - Tangerine,$62.30,76,http://dummyimage.com/141x100.png/5fa2dd/ffffff
650,Danishes - Mini Raspberry,$12.34,22,http://dummyimage.com/129x100.png/ff4444/ffffff
651,"Chicken - Diced, Cooked",$48.51,50,http://dummyimage.com/110x100.png/cc0000/ffffff
652,Cheese - Gorgonzola,$78.84,26,http://dummyimage.com/241x100.png/dddddd/000000
653,Swiss Chard - Red,$36.38,58,http://dummyimage.com/148x100.png/ff4444/ffffff
654,"Pasta - Detalini, White, Fresh",$35.44,42,http://dummyimage.com/144x100.png/ff4444/ffffff
655,"Juice - Clam, 46 Oz",$21.79,71,http://dummyimage.com/185x100.png/ff4444/ffffff
656,Trout - Smoked,$91.88,73,http://dummyimage.com/217x100.png/cc0000/ffffff
657,Bamboo Shoots - Sliced,$22.51,26,http://dummyimage.com/244x100.png/ff4444/ffffff
658,Bread Cranberry Foccacia,$67.82,69,http://dummyimage.com/153x100.png/ff4444/ffffff
659,Yogurt - Assorted Pack,$24.40,26,http://dummyimage.com/183x100.png/5fa2dd/ffffff
660,Flour - Strong,$95.86,90,http://dummyimage.com/235x100.png/ff4444/ffffff
661,Juice - Orange,$66.32,43,http://dummyimage.com/166x100.png/dddddd/000000
662,Muffin Mix - Corn Harvest,$45.95,66,http://dummyimage.com/132x100.png/ff4444/ffffff
663,Orange Roughy 6/8 Oz,$36.40,47,http://dummyimage.com/156x100.png/dddddd/000000
664,Plaintain,$56.47,35,http://dummyimage.com/201x100.png/ff4444/ffffff
665,Snapple Raspberry Tea,$22.86,74,http://dummyimage.com/208x100.png/dddddd/000000
666,Cut Wakame - Hanawakaba,$18.56,15,http://dummyimage.com/247x100.png/cc0000/ffffff
667,"Turkey - Breast, Boneless Sk On",$73.24,30,http://dummyimage.com/104x100.png/5fa2dd/ffffff
668,Sauce - Hollandaise,$86.21,18,http://dummyimage.com/177x100.png/5fa2dd/ffffff
669,Flower - Carnations,$10.13,53,http://dummyimage.com/159x100.png/5fa2dd/ffffff
670,"Lid - High Heat, Super Clear",$79.40,96,http://dummyimage.com/212x100.png/dddddd/000000
671,Cookies - Englishbay Wht,$72.71,37,http://dummyimage.com/152x100.png/dddddd/000000
672,Chinese Foods - Chicken Wing,$35.59,10,http://dummyimage.com/160x100.png/cc0000/ffffff
673,"Crush - Orange, 355ml",$25.29,87,http://dummyimage.com/148x100.png/5fa2dd/ffffff
674,Wine - Charddonnay Errazuriz,$46.80,66,http://dummyimage.com/135x100.png/cc0000/ffffff
675,"Napkin - Dinner, White",$46.24,7,http://dummyimage.com/103x100.png/cc0000/ffffff
676,Wine - Piper Heidsieck Brut,$23.31,15,http://dummyimage.com/165x100.png/ff4444/ffffff
677,Peas Snow,$82.23,54,http://dummyimage.com/200x100.png/ff4444/ffffff
678,Ice Cream Bar - Rolo Cone,$22.97,62,http://dummyimage.com/222x100.png/cc0000/ffffff
679,Bread - Rosemary Focaccia,$17.54,30,http://dummyimage.com/218x100.png/cc0000/ffffff
680,Remy Red Berry Infusion,$75.77,42,http://dummyimage.com/193x100.png/5fa2dd/ffffff
681,Sprouts - China Rose,$71.17,68,http://dummyimage.com/112x100.png/cc0000/ffffff
682,"Iced Tea - Lemon, 340ml",$74.38,98,http://dummyimage.com/133x100.png/cc0000/ffffff
683,Fondant - Icing,$10.16,5,http://dummyimage.com/226x100.png/cc0000/ffffff
684,Bread - Calabrese Baguette,$77.53,76,http://dummyimage.com/144x100.png/dddddd/000000
685,"Wine - Saint - Bris 2002, Sauv",$32.96,42,http://dummyimage.com/211x100.png/ff4444/ffffff
686,Compound - Passion Fruit,$23.57,23,http://dummyimage.com/112x100.png/cc0000/ffffff
687,Cheese - Brie,$28.28,96,http://dummyimage.com/216x100.png/cc0000/ffffff
688,"Lamb - Leg, Diced",$57.01,51,http://dummyimage.com/224x100.png/dddddd/000000
689,Strawberries,$11.90,44,http://dummyimage.com/231x100.png/5fa2dd/ffffff
690,Cake - Cheese Cake 9 Inch,$68.00,64,http://dummyimage.com/188x100.png/ff4444/ffffff
691,"Tarragon - Primerba, Paste",$19.09,25,http://dummyimage.com/153x100.png/ff4444/ffffff
692,Wine - Vidal Icewine Magnotta,$43.50,34,http://dummyimage.com/236x100.png/5fa2dd/ffffff
693,Veal - Inside,$56.15,16,http://dummyimage.com/182x100.png/cc0000/ffffff
694,"Capon - Breast, Double, Wing On",$20.04,62,http://dummyimage.com/119x100.png/5fa2dd/ffffff
695,Initation Crab Meat,$19.07,40,http://dummyimage.com/228x100.png/dddddd/000000
696,"Ham - Smoked, Bone - In",$55.90,83,http://dummyimage.com/207x100.png/dddddd/000000
697,Chips Potato Reg 43g,$30.53,3,http://dummyimage.com/235x100.png/ff4444/ffffff
698,Wine - Magnotta - Cab Franc,$19.21,43,http://dummyimage.com/136x100.png/ff4444/ffffff
699,Scallops - 20/30,$26.77,66,http://dummyimage.com/191x100.png/5fa2dd/ffffff
700,Tequila - Sauza Silver,$23.85,41,http://dummyimage.com/146x100.png/dddddd/000000
701,Garbage Bag - Clear,$83.32,40,http://dummyimage.com/100x100.png/dddddd/000000
702,Frangelico,$59.16,75,http://dummyimage.com/234x100.png/dddddd/000000
703,Broom - Corn,$37.69,99,http://dummyimage.com/134x100.png/cc0000/ffffff
704,"Veal - Leg, Provimi - 50 Lb Max",$61.69,61,http://dummyimage.com/199x100.png/dddddd/000000
705,Onions - Red,$10.90,21,http://dummyimage.com/247x100.png/cc0000/ffffff
706,Island Oasis - Banana Daiquiri,$85.12,73,http://dummyimage.com/219x100.png/cc0000/ffffff
707,Wine - Chardonnay South,$81.09,16,http://dummyimage.com/147x100.png/5fa2dd/ffffff
708,Nescafe - Frothy French Vanilla,$85.36,14,http://dummyimage.com/218x100.png/ff4444/ffffff
709,Apple - Northern Spy,$42.61,10,http://dummyimage.com/196x100.png/dddddd/000000
710,"Doilies - 12, Paper",$70.02,65,http://dummyimage.com/185x100.png/cc0000/ffffff
711,Vanilla Beans,$40.23,77,http://dummyimage.com/193x100.png/cc0000/ffffff
712,Russian Prince,$85.43,48,http://dummyimage.com/231x100.png/ff4444/ffffff
713,Steampan - Foil,$18.93,6,http://dummyimage.com/230x100.png/dddddd/000000
714,"Sparkling Wine - Rose, Freixenet",$61.79,26,http://dummyimage.com/162x100.png/5fa2dd/ffffff
715,Cookies Almond Hazelnut,$62.00,13,http://dummyimage.com/232x100.png/dddddd/000000
716,Sage - Ground,$46.03,61,http://dummyimage.com/145x100.png/cc0000/ffffff
717,Tea - Lemon Scented,$61.87,83,http://dummyimage.com/209x100.png/cc0000/ffffff
718,"Onions - Dried, Chopped",$21.88,39,http://dummyimage.com/175x100.png/ff4444/ffffff
719,"Glass - Wine, Plastic, Clear 5 Oz",$93.01,61,http://dummyimage.com/143x100.png/5fa2dd/ffffff
720,Whmis - Spray Bottle Trigger,$83.55,20,http://dummyimage.com/205x100.png/cc0000/ffffff
721,"Yogurt - Raspberry, 175 Gr",$21.82,32,http://dummyimage.com/110x100.png/5fa2dd/ffffff
722,Cheese - Fontina,$39.97,72,http://dummyimage.com/189x100.png/ff4444/ffffff
723,Snapple Raspberry Tea,$59.81,81,http://dummyimage.com/119x100.png/5fa2dd/ffffff
724,"Pepper - Black, Crushed",$78.10,61,http://dummyimage.com/131x100.png/dddddd/000000
725,Country Roll,$13.96,20,http://dummyimage.com/170x100.png/ff4444/ffffff
726,Haggis,$80.59,56,http://dummyimage.com/220x100.png/dddddd/000000
727,Muffin Batt - Ban Dream Zero,$77.11,81,http://dummyimage.com/132x100.png/ff4444/ffffff
728,Flower - Dish Garden,$92.41,12,http://dummyimage.com/198x100.png/dddddd/000000
729,Extract - Raspberry,$21.80,53,http://dummyimage.com/125x100.png/cc0000/ffffff
730,Pepper - Scotch Bonnet,$93.46,62,http://dummyimage.com/111x100.png/ff4444/ffffff
731,Wine - Ej Gallo Sierra Valley,$85.16,54,http://dummyimage.com/222x100.png/cc0000/ffffff
732,Sardines,$41.79,49,http://dummyimage.com/121x100.png/cc0000/ffffff
733,Pastry - Butterscotch Baked,$22.77,6,http://dummyimage.com/147x100.png/ff4444/ffffff
734,Milkettes - 2%,$95.54,55,http://dummyimage.com/156x100.png/5fa2dd/ffffff
735,Puree - Passion Fruit,$34.22,71,http://dummyimage.com/236x100.png/dddddd/000000
736,Ice Cream Bar - Oreo Cone,$98.74,81,http://dummyimage.com/230x100.png/dddddd/000000
737,"Pork - Loin, Center Cut",$14.46,100,http://dummyimage.com/249x100.png/cc0000/ffffff
738,Miso Paste White,$32.00,29,http://dummyimage.com/105x100.png/dddddd/000000
739,Initation Crab Meat,$91.62,15,http://dummyimage.com/168x100.png/cc0000/ffffff
740,Curry Powder Madras,$99.05,5,http://dummyimage.com/125x100.png/ff4444/ffffff
741,"Tortillas - Flour, 10",$81.65,18,http://dummyimage.com/162x100.png/cc0000/ffffff
742,Crackers - Trio,$77.18,66,http://dummyimage.com/202x100.png/dddddd/000000
743,Cheese - Cream Cheese,$15.03,100,http://dummyimage.com/128x100.png/dddddd/000000
744,Coffee Guatemala Dark,$47.20,91,http://dummyimage.com/172x100.png/cc0000/ffffff
745,"Arctic Char - Fresh, Whole",$39.72,51,http://dummyimage.com/138x100.png/ff4444/ffffff
746,Lamb Rack Frenched Australian,$97.11,99,http://dummyimage.com/103x100.png/cc0000/ffffff
747,Truffle Cups Green,$60.64,96,http://dummyimage.com/216x100.png/cc0000/ffffff
748,Cheese - Feta,$46.78,72,http://dummyimage.com/182x100.png/cc0000/ffffff
749,Beans - Fava Fresh,$65.78,52,http://dummyimage.com/174x100.png/ff4444/ffffff
750,"Potatoes - Instant, Mashed",$56.72,35,http://dummyimage.com/146x100.png/dddddd/000000
751,Tart - Raisin And Pecan,$87.27,26,http://dummyimage.com/131x100.png/5fa2dd/ffffff
752,Assorted Desserts,$86.58,37,http://dummyimage.com/202x100.png/5fa2dd/ffffff
753,"Garlic - Primerba, Paste",$46.43,98,http://dummyimage.com/187x100.png/cc0000/ffffff
754,Skirt - 24 Foot,$34.30,100,http://dummyimage.com/237x100.png/5fa2dd/ffffff
755,Flavouring Vanilla Artificial,$44.28,42,http://dummyimage.com/248x100.png/ff4444/ffffff
756,"Veal - Inside, Choice",$64.16,91,http://dummyimage.com/236x100.png/5fa2dd/ffffff
757,Dawn Professionl Pot And Pan,$46.26,58,http://dummyimage.com/196x100.png/dddddd/000000
758,Wine - Ice Wine,$10.79,59,http://dummyimage.com/155x100.png/dddddd/000000
759,Cheese - Cream Cheese,$85.95,11,http://dummyimage.com/179x100.png/cc0000/ffffff
760,"Beans - Kidney, Red Dry",$90.97,43,http://dummyimage.com/245x100.png/cc0000/ffffff
761,Steampan - Foil,$77.93,32,http://dummyimage.com/237x100.png/dddddd/000000
762,Olive - Spread Tapenade,$88.78,48,http://dummyimage.com/149x100.png/dddddd/000000
763,Huck White Towels,$86.83,83,http://dummyimage.com/101x100.png/ff4444/ffffff
764,"Cheese - Boursin, Garlic / Herbs",$43.08,77,http://dummyimage.com/135x100.png/ff4444/ffffff
765,"Soup - Campbells, Classic Chix",$44.33,11,http://dummyimage.com/236x100.png/dddddd/000000
766,Cheese - Pont Couvert,$95.55,66,http://dummyimage.com/143x100.png/ff4444/ffffff
767,Yams,$97.96,2,http://dummyimage.com/137x100.png/ff4444/ffffff
768,Bread - Wheat Baguette,$11.25,89,http://dummyimage.com/149x100.png/dddddd/000000
769,Crackers - Trio,$44.82,79,http://dummyimage.com/148x100.png/dddddd/000000
770,"Shrimp - 16 - 20 Cooked, Peeled",$80.92,81,http://dummyimage.com/208x100.png/dddddd/000000
771,"Sauce - Soya, Dark",$58.60,89,http://dummyimage.com/141x100.png/dddddd/000000
772,Rice - Long Grain,$63.90,82,http://dummyimage.com/161x100.png/dddddd/000000
773,Cookies Almond Hazelnut,$39.94,99,http://dummyimage.com/132x100.png/dddddd/000000
774,Mousse - Mango,$94.84,83,http://dummyimage.com/191x100.png/ff4444/ffffff
775,Flour - Pastry,$58.60,74,http://dummyimage.com/231x100.png/cc0000/ffffff
776,Table Cloth 72x144 White,$35.78,29,http://dummyimage.com/102x100.png/5fa2dd/ffffff
777,"Cheese - Cheddar, Mild",$18.37,68,http://dummyimage.com/218x100.png/ff4444/ffffff
778,Sole - Iqf,$14.95,56,http://dummyimage.com/142x100.png/cc0000/ffffff
779,Sweet Pea Sprouts,$90.20,73,http://dummyimage.com/240x100.png/ff4444/ffffff
780,Chick Peas - Dried,$16.10,86,http://dummyimage.com/232x100.png/dddddd/000000
781,"Doilies - 5, Paper",$34.07,35,http://dummyimage.com/203x100.png/5fa2dd/ffffff
782,Taro Root,$93.02,2,http://dummyimage.com/247x100.png/5fa2dd/ffffff
783,Banana - Green,$38.54,50,http://dummyimage.com/174x100.png/dddddd/000000
784,Ecolab Silver Fusion,$80.49,9,http://dummyimage.com/211x100.png/5fa2dd/ffffff
785,Broom And Brush Rack Black,$85.55,92,http://dummyimage.com/151x100.png/5fa2dd/ffffff
786,Onion Powder,$97.16,32,http://dummyimage.com/102x100.png/5fa2dd/ffffff
787,Tahini Paste,$17.64,49,http://dummyimage.com/245x100.png/cc0000/ffffff
788,Calypso - Black Cherry Lemonade,$49.42,58,http://dummyimage.com/116x100.png/cc0000/ffffff
789,Dried Cranberries,$96.47,9,http://dummyimage.com/235x100.png/ff4444/ffffff
790,Bread Country Roll,$30.95,95,http://dummyimage.com/243x100.png/ff4444/ffffff
791,Pepperoni Slices,$30.59,73,http://dummyimage.com/246x100.png/cc0000/ffffff
792,Coffee - Ristretto Coffee Capsule,$69.61,89,http://dummyimage.com/156x100.png/dddddd/000000
793,Guinea Fowl,$17.31,21,http://dummyimage.com/216x100.png/ff4444/ffffff
794,Savory,$74.23,49,http://dummyimage.com/227x100.png/5fa2dd/ffffff
795,Godiva White Chocolate,$81.64,79,http://dummyimage.com/172x100.png/cc0000/ffffff
796,Venison - Racks Frenched,$26.82,95,http://dummyimage.com/105x100.png/cc0000/ffffff
797,Truffle Cups - Brown,$45.77,71,http://dummyimage.com/104x100.png/cc0000/ffffff
798,Container - Clear 32 Oz,$10.78,21,http://dummyimage.com/162x100.png/dddddd/000000
799,Island Oasis - Wildberry,$69.47,7,http://dummyimage.com/205x100.png/dddddd/000000
800,Olives - Kalamata,$96.52,28,http://dummyimage.com/222x100.png/ff4444/ffffff
801,"Tortillas - Flour, 10",$94.74,51,http://dummyimage.com/139x100.png/cc0000/ffffff
802,"Wine - White, Pinot Grigio",$78.17,68,http://dummyimage.com/180x100.png/5fa2dd/ffffff
803,Wine - Valpolicella Masi,$46.95,24,http://dummyimage.com/234x100.png/5fa2dd/ffffff
804,"Liqueur Banana, Ramazzotti",$23.64,23,http://dummyimage.com/175x100.png/ff4444/ffffff
805,Beans - Kidney White,$44.91,64,http://dummyimage.com/203x100.png/5fa2dd/ffffff
806,"Cheese - Woolwich Goat, Log",$90.34,76,http://dummyimage.com/206x100.png/ff4444/ffffff
807,Wine - Pinot Noir Pond Haddock,$71.40,4,http://dummyimage.com/122x100.png/dddddd/000000
808,Vegetable - Base,$50.99,31,http://dummyimage.com/199x100.png/ff4444/ffffff
809,Bread - Rye,$35.45,16,http://dummyimage.com/162x100.png/ff4444/ffffff
810,Plate Foam Laminated 9in Blk,$56.85,84,http://dummyimage.com/147x100.png/dddddd/000000
811,Wine - Casillero Deldiablo,$29.37,97,http://dummyimage.com/213x100.png/5fa2dd/ffffff
812,Puree - Passion Fruit,$79.32,83,http://dummyimage.com/178x100.png/5fa2dd/ffffff
813,Honey - Liquid,$93.38,52,http://dummyimage.com/217x100.png/ff4444/ffffff
814,Curry Powder,$38.91,18,http://dummyimage.com/236x100.png/dddddd/000000
815,Orange Roughy 4/6 Oz,$43.72,27,http://dummyimage.com/195x100.png/5fa2dd/ffffff
816,"Turkey - Whole, Fresh",$59.65,96,http://dummyimage.com/164x100.png/ff4444/ffffff
817,Buttons,$74.43,59,http://dummyimage.com/226x100.png/5fa2dd/ffffff
818,Wine - Vovray Sec Domaine Huet,$18.36,94,http://dummyimage.com/159x100.png/5fa2dd/ffffff
819,"Chocolate - Pistoles, Lactee, Milk",$24.84,96,http://dummyimage.com/121x100.png/cc0000/ffffff
820,"Sauce - Bernaise, Mix",$50.81,92,http://dummyimage.com/223x100.png/cc0000/ffffff
821,Cornflakes,$67.46,64,http://dummyimage.com/112x100.png/ff4444/ffffff
822,Wine - Sauvignon Blanc Oyster,$44.33,22,http://dummyimage.com/152x100.png/ff4444/ffffff
823,Hummus - Spread,$38.46,89,http://dummyimage.com/241x100.png/dddddd/000000
824,Guava,$38.10,68,http://dummyimage.com/204x100.png/ff4444/ffffff
825,Island Oasis - Strawberry,$40.49,11,http://dummyimage.com/187x100.png/5fa2dd/ffffff
826,Chips - Assorted,$26.09,92,http://dummyimage.com/149x100.png/dddddd/000000
827,Pie Filling - Apple,$51.25,32,http://dummyimage.com/221x100.png/dddddd/000000
828,Chocolate Liqueur - Godet White,$92.68,32,http://dummyimage.com/210x100.png/dddddd/000000
829,"Tomatoes - Plum, Canned",$23.59,88,http://dummyimage.com/236x100.png/5fa2dd/ffffff
830,Muffin Batt - Choc Chk,$53.07,15,http://dummyimage.com/235x100.png/ff4444/ffffff
831,Spinach - Packaged,$48.85,74,http://dummyimage.com/161x100.png/cc0000/ffffff
832,"Beef - Outside, Round",$56.22,45,http://dummyimage.com/162x100.png/dddddd/000000
833,Fond - Chocolate,$97.45,72,http://dummyimage.com/173x100.png/5fa2dd/ffffff
834,Muffin Batt - Ban Dream Zero,$34.48,31,http://dummyimage.com/232x100.png/ff4444/ffffff
835,Cheese - Brick With Pepper,$76.69,53,http://dummyimage.com/113x100.png/ff4444/ffffff
836,Lidsoupcont Rp12dn,$70.92,74,http://dummyimage.com/147x100.png/5fa2dd/ffffff
837,Icecream - Dibs,$55.63,93,http://dummyimage.com/196x100.png/5fa2dd/ffffff
838,Sea Bass - Whole,$80.84,25,http://dummyimage.com/114x100.png/dddddd/000000
839,Butter - Unsalted,$31.02,13,http://dummyimage.com/139x100.png/dddddd/000000
840,Campari,$50.89,81,http://dummyimage.com/208x100.png/dddddd/000000
841,Phyllo Dough,$91.24,51,http://dummyimage.com/189x100.png/dddddd/000000
842,Cheese - Perron Cheddar,$10.83,85,http://dummyimage.com/235x100.png/ff4444/ffffff
843,"Pasta - Orzo, Dry",$27.49,8,http://dummyimage.com/224x100.png/cc0000/ffffff
844,"Wine - Red, Lurton Merlot De",$47.38,93,http://dummyimage.com/156x100.png/ff4444/ffffff
845,Creme De Cacao Mcguines,$31.67,61,http://dummyimage.com/161x100.png/dddddd/000000
846,"Pork - Bacon, Sliced",$98.66,83,http://dummyimage.com/163x100.png/cc0000/ffffff
847,Veal - Slab Bacon,$83.21,71,http://dummyimage.com/128x100.png/dddddd/000000
848,Butter Balls Salted,$92.22,26,http://dummyimage.com/198x100.png/cc0000/ffffff
849,Bread - Sour Sticks With Onion,$100.00,50,http://dummyimage.com/210x100.png/dddddd/000000
850,Cocoa Powder - Dutched,$50.68,73,http://dummyimage.com/215x100.png/dddddd/000000
851,Bowl 12 Oz - Showcase 92012,$37.43,27,http://dummyimage.com/188x100.png/5fa2dd/ffffff
852,Melon - Honey Dew,$96.48,76,http://dummyimage.com/229x100.png/cc0000/ffffff
853,"Chicken - Diced, Cooked",$72.44,76,http://dummyimage.com/156x100.png/ff4444/ffffff
854,Tomato Paste,$84.33,6,http://dummyimage.com/181x100.png/cc0000/ffffff
855,Turnip - White,$25.12,31,http://dummyimage.com/122x100.png/cc0000/ffffff
856,Table Cloth 81x81 White,$25.95,8,http://dummyimage.com/137x100.png/cc0000/ffffff
857,"Oil - Olive, Extra Virgin",$38.66,55,http://dummyimage.com/128x100.png/ff4444/ffffff
858,"Pasta - Elbows, Macaroni, Dry",$59.68,76,http://dummyimage.com/195x100.png/dddddd/000000
859,Mushroom - Morel Frozen,$21.08,81,http://dummyimage.com/238x100.png/cc0000/ffffff
860,Pastry - Key Limepoppy Seed Tea,$46.72,55,http://dummyimage.com/147x100.png/dddddd/000000
861,Durian Fruit,$63.64,43,http://dummyimage.com/163x100.png/5fa2dd/ffffff
862,Wine - Jackson Triggs Okonagan,$18.53,93,http://dummyimage.com/190x100.png/5fa2dd/ffffff
863,Cinnamon - Stick,$37.27,4,http://dummyimage.com/182x100.png/cc0000/ffffff
864,Muffin Mix - Raisin Bran,$34.86,18,http://dummyimage.com/124x100.png/5fa2dd/ffffff
865,Wine - Alsace Riesling Reserve,$94.36,8,http://dummyimage.com/231x100.png/ff4444/ffffff
866,Wine - Black Tower Qr,$74.63,96,http://dummyimage.com/165x100.png/dddddd/000000
867,Beef - Eye Of Round,$69.76,63,http://dummyimage.com/201x100.png/ff4444/ffffff
868,"Pasta - Fettuccine, Dry",$46.78,39,http://dummyimage.com/165x100.png/dddddd/000000
869,Pop Shoppe Cream Soda,$57.35,66,http://dummyimage.com/176x100.png/5fa2dd/ffffff
870,"Iced Tea - Lemon, 340ml",$63.74,5,http://dummyimage.com/100x100.png/ff4444/ffffff
871,Flour - Bread,$86.63,66,http://dummyimage.com/206x100.png/5fa2dd/ffffff
872,Lumpfish Black,$30.98,85,http://dummyimage.com/132x100.png/ff4444/ffffff
873,Wine - Ruffino Chianti,$95.00,29,http://dummyimage.com/166x100.png/dddddd/000000
874,Table Cloth 62x120 Colour,$87.94,23,http://dummyimage.com/236x100.png/ff4444/ffffff
875,Tart - Raisin And Pecan,$15.27,21,http://dummyimage.com/133x100.png/ff4444/ffffff
876,Container - Hngd Cll Blk 7x7x3,$74.80,41,http://dummyimage.com/126x100.png/cc0000/ffffff
877,Rice - Jasmine Sented,$73.97,52,http://dummyimage.com/193x100.png/cc0000/ffffff
878,Lid Tray - 12in Dome,$62.62,26,http://dummyimage.com/150x100.png/5fa2dd/ffffff
879,Rice - Aborio,$45.21,98,http://dummyimage.com/125x100.png/5fa2dd/ffffff
880,Bread Foccacia Whole,$46.98,41,http://dummyimage.com/158x100.png/cc0000/ffffff
881,Cheese - Grie Des Champ,$31.96,51,http://dummyimage.com/110x100.png/dddddd/000000
882,Bread - Sour Sticks With Onion,$11.09,75,http://dummyimage.com/151x100.png/cc0000/ffffff
883,Nori Sea Weed,$89.03,28,http://dummyimage.com/182x100.png/5fa2dd/ffffff
884,Russian Prince,$96.70,92,http://dummyimage.com/242x100.png/ff4444/ffffff
885,Soup - Campbells Beef Stew,$32.16,70,http://dummyimage.com/129x100.png/cc0000/ffffff
886,Tray - 16in Rnd Blk,$20.37,5,http://dummyimage.com/233x100.png/dddddd/000000
887,"Beans - Kidney, Red Dry",$25.05,27,http://dummyimage.com/222x100.png/5fa2dd/ffffff
888,Wine - Fat Bastard Merlot,$48.98,3,http://dummyimage.com/210x100.png/dddddd/000000
889,"Oil - Truffle, White",$15.02,84,http://dummyimage.com/230x100.png/dddddd/000000
890,Longos - Chicken Wings,$12.11,29,http://dummyimage.com/142x100.png/5fa2dd/ffffff
891,"Bread - Roll, Italian",$76.57,84,http://dummyimage.com/116x100.png/cc0000/ffffff
892,"Pasta - Lasagne, Fresh",$47.60,54,http://dummyimage.com/203x100.png/ff4444/ffffff
893,Cake - Box Window 10x10x2.5,$94.91,7,http://dummyimage.com/202x100.png/dddddd/000000
894,Muffin Hinge 117n,$83.90,22,http://dummyimage.com/240x100.png/5fa2dd/ffffff
895,Napkin White - Starched,$69.70,45,http://dummyimage.com/239x100.png/cc0000/ffffff
896,Pike - Frozen Fillet,$83.09,35,http://dummyimage.com/110x100.png/ff4444/ffffff
897,Jack Daniels,$19.60,10,http://dummyimage.com/163x100.png/dddddd/000000
898,The Pop Shoppe - Lime Rickey,$41.52,44,http://dummyimage.com/206x100.png/ff4444/ffffff
899,Wine - Ej Gallo Sonoma,$48.90,52,http://dummyimage.com/109x100.png/5fa2dd/ffffff
900,Tia Maria,$44.29,90,http://dummyimage.com/198x100.png/dddddd/000000
901,Mace,$84.02,11,http://dummyimage.com/182x100.png/ff4444/ffffff
902,Cheese - Mozzarella,$39.28,18,http://dummyimage.com/106x100.png/5fa2dd/ffffff
903,Bread - Petit Baguette,$12.62,23,http://dummyimage.com/227x100.png/dddddd/000000
904,Cranberries - Frozen,$40.98,74,http://dummyimage.com/112x100.png/cc0000/ffffff
905,Longos - Penne With Pesto,$50.56,40,http://dummyimage.com/146x100.png/dddddd/000000
906,Rabbit - Frozen,$36.66,55,http://dummyimage.com/114x100.png/5fa2dd/ffffff
907,Cumin - Whole,$44.60,44,http://dummyimage.com/118x100.png/dddddd/000000
908,Kaffir Lime Leaves,$43.01,8,http://dummyimage.com/159x100.png/ff4444/ffffff
909,Apple - Custard,$93.24,46,http://dummyimage.com/188x100.png/cc0000/ffffff
910,Cake - Sheet Strawberry,$95.80,62,http://dummyimage.com/226x100.png/cc0000/ffffff
911,Shrimp - Black Tiger 8 - 12,$98.66,15,http://dummyimage.com/160x100.png/ff4444/ffffff
912,Chips Potato Swt Chilli Sour,$23.24,63,http://dummyimage.com/163x100.png/5fa2dd/ffffff
913,Shortbread - Cookie Crumbs,$39.65,99,http://dummyimage.com/104x100.png/ff4444/ffffff
914,"Lamb - Leg, Bone In",$69.54,26,http://dummyimage.com/185x100.png/dddddd/000000
915,Napkin White,$97.75,46,http://dummyimage.com/211x100.png/ff4444/ffffff
916,"Rosemary - Primerba, Paste",$56.36,69,http://dummyimage.com/195x100.png/ff4444/ffffff
917,Brandy Apricot,$44.26,84,http://dummyimage.com/247x100.png/5fa2dd/ffffff
918,Yogurt - Plain,$54.43,6,http://dummyimage.com/244x100.png/ff4444/ffffff
919,Flour - So Mix Cake White,$25.63,97,http://dummyimage.com/111x100.png/dddddd/000000
920,"Tart Shells - Savory, 2",$16.39,60,http://dummyimage.com/208x100.png/dddddd/000000
921,Chips - Doritos,$37.74,99,http://dummyimage.com/103x100.png/dddddd/000000
922,"Pasta - Lasagne, Fresh",$50.64,19,http://dummyimage.com/248x100.png/dddddd/000000
923,Beets,$22.08,91,http://dummyimage.com/244x100.png/cc0000/ffffff
924,Savory,$72.61,72,http://dummyimage.com/152x100.png/dddddd/000000
925,Strawberries - California,$34.22,12,http://dummyimage.com/162x100.png/cc0000/ffffff
926,Soup - Campbells Beef Strogonoff,$36.86,61,http://dummyimage.com/242x100.png/ff4444/ffffff
927,Madeira,$21.44,70,http://dummyimage.com/129x100.png/cc0000/ffffff
928,"Wine - White, Riesling, Semi - Dry",$14.00,63,http://dummyimage.com/202x100.png/ff4444/ffffff
929,Yogurt - French Vanilla,$75.00,98,http://dummyimage.com/156x100.png/ff4444/ffffff
930,Cake - Cake Sheet Macaroon,$83.83,84,http://dummyimage.com/145x100.png/dddddd/000000
931,Wine - Fontanafredda Barolo,$67.89,23,http://dummyimage.com/238x100.png/cc0000/ffffff
932,"Pasta - Penne Primavera, Single",$22.15,92,http://dummyimage.com/240x100.png/ff4444/ffffff
933,Roe - Flying Fish,$37.14,59,http://dummyimage.com/217x100.png/ff4444/ffffff
934,Pasta - Ravioli,$38.88,10,http://dummyimage.com/144x100.png/ff4444/ffffff
935,Mussels - Cultivated,$90.46,3,http://dummyimage.com/151x100.png/cc0000/ffffff
936,Beef Cheek Fresh,$71.21,84,http://dummyimage.com/138x100.png/ff4444/ffffff
937,Lettuce - Spring Mix,$20.60,67,http://dummyimage.com/229x100.png/dddddd/000000
938,Turnip - White,$50.04,63,http://dummyimage.com/220x100.png/5fa2dd/ffffff
939,Soup - Chicken And Wild Rice,$43.65,51,http://dummyimage.com/165x100.png/dddddd/000000
940,"Salmon - Atlantic, Fresh, Whole",$82.49,44,http://dummyimage.com/152x100.png/5fa2dd/ffffff
941,Cocoa Powder - Natural,$75.04,57,http://dummyimage.com/227x100.png/ff4444/ffffff
942,Wine - Magnotta - Bel Paese White,$81.00,6,http://dummyimage.com/128x100.png/dddddd/000000
943,Melon - Watermelon Yellow,$52.08,2,http://dummyimage.com/191x100.png/ff4444/ffffff
944,Tea - Apple Green Tea,$53.29,57,http://dummyimage.com/223x100.png/dddddd/000000
945,Lotus Root,$63.11,5,http://dummyimage.com/233x100.png/dddddd/000000
946,Sauce - Demi Glace,$53.98,2,http://dummyimage.com/159x100.png/5fa2dd/ffffff
947,Table Cloth 54x72 Colour,$24.74,34,http://dummyimage.com/247x100.png/cc0000/ffffff
948,Chicken Thigh - Bone Out,$48.99,45,http://dummyimage.com/177x100.png/cc0000/ffffff
949,Cream - 10%,$62.26,2,http://dummyimage.com/155x100.png/dddddd/000000
950,"Sauce - White, Mix",$55.61,97,http://dummyimage.com/244x100.png/dddddd/000000
951,Island Oasis - Sweet And Sour Mix,$89.76,82,http://dummyimage.com/133x100.png/dddddd/000000
952,"Red Snapper - Fresh, Whole",$22.09,20,http://dummyimage.com/140x100.png/dddddd/000000
953,"Wine - White, Schroder And Schyl",$82.13,75,http://dummyimage.com/199x100.png/ff4444/ffffff
954,Fond - Neutral,$60.05,35,http://dummyimage.com/105x100.png/cc0000/ffffff
955,Pie Shell - 5,$25.73,17,http://dummyimage.com/201x100.png/cc0000/ffffff
956,Jam - Raspberry,$17.33,15,http://dummyimage.com/211x100.png/cc0000/ffffff
957,Bay Leaf,$36.52,80,http://dummyimage.com/142x100.png/cc0000/ffffff
958,Arizona - Plum Green Tea,$93.67,45,http://dummyimage.com/150x100.png/ff4444/ffffff
959,Butter - Salted,$64.56,28,http://dummyimage.com/210x100.png/5fa2dd/ffffff
960,Oxtail - Cut,$59.48,33,http://dummyimage.com/178x100.png/ff4444/ffffff
961,Cups 10oz Trans,$36.19,31,http://dummyimage.com/163x100.png/dddddd/000000
962,"Beef - Tenderlion, Center Cut",$61.58,75,http://dummyimage.com/101x100.png/cc0000/ffffff
963,"Glass - Wine, Plastic, Clear 5 Oz",$92.48,10,http://dummyimage.com/185x100.png/5fa2dd/ffffff
964,Sauce - Sesame Thai Dressing,$56.37,42,http://dummyimage.com/140x100.png/cc0000/ffffff
965,Rum - Mount Gay Eclipes,$38.99,93,http://dummyimage.com/158x100.png/5fa2dd/ffffff
966,Apples - Spartan,$17.96,17,http://dummyimage.com/240x100.png/dddddd/000000
967,"Pork - Tenderloin, Fresh",$73.67,29,http://dummyimage.com/161x100.png/ff4444/ffffff
968,Cape Capensis - Fillet,$65.38,73,http://dummyimage.com/125x100.png/cc0000/ffffff
969,"Soup - Campbells, Chix Gumbo",$64.23,36,http://dummyimage.com/207x100.png/ff4444/ffffff
970,Lamb Leg - Bone - In Nz,$12.00,90,http://dummyimage.com/125x100.png/dddddd/000000
971,Broom - Corn,$60.79,71,http://dummyimage.com/106x100.png/cc0000/ffffff
972,Cheese - Comte,$97.60,38,http://dummyimage.com/207x100.png/5fa2dd/ffffff
973,Wasabi Paste,$37.43,26,http://dummyimage.com/113x100.png/5fa2dd/ffffff
974,Bread - Italian Sesame Poly,$26.37,12,http://dummyimage.com/196x100.png/cc0000/ffffff
975,"Wine - Red, Antinori Santa",$11.90,81,http://dummyimage.com/218x100.png/cc0000/ffffff
976,Ezy Change Mophandle,$43.12,52,http://dummyimage.com/229x100.png/cc0000/ffffff
977,Bread Base - Gold Formel,$44.16,15,http://dummyimage.com/146x100.png/5fa2dd/ffffff
978,Dates,$69.65,98,http://dummyimage.com/120x100.png/ff4444/ffffff
979,Barramundi,$65.87,69,http://dummyimage.com/179x100.png/5fa2dd/ffffff
980,Maintenance Removal Charge,$81.53,19,http://dummyimage.com/103x100.png/cc0000/ffffff
981,Glaze - Clear,$31.06,24,http://dummyimage.com/212x100.png/ff4444/ffffff
982,Coriander - Seed,$23.24,36,http://dummyimage.com/172x100.png/5fa2dd/ffffff
983,Chutney Sauce - Mango,$69.84,70,http://dummyimage.com/145x100.png/cc0000/ffffff
984,Apple - Granny Smith,$99.20,6,http://dummyimage.com/112x100.png/cc0000/ffffff
985,Nantucket - Kiwi Berry Cktl.,$67.58,95,http://dummyimage.com/243x100.png/dddddd/000000
986,Temperature Recording Station,$70.74,27,http://dummyimage.com/193x100.png/dddddd/000000
987,Samosa - Veg,$47.24,41,http://dummyimage.com/117x100.png/cc0000/ffffff
988,"Soup - Campbells, Minestrone",$29.55,12,http://dummyimage.com/156x100.png/dddddd/000000
989,Beets - Golden,$27.74,72,http://dummyimage.com/168x100.png/5fa2dd/ffffff
990,"Mustard - Dry, Powder",$29.81,57,http://dummyimage.com/213x100.png/5fa2dd/ffffff
991,Knife Plastic - White,$68.57,80,http://dummyimage.com/217x100.png/cc0000/ffffff
992,Pepperoni Slices,$90.86,50,http://dummyimage.com/108x100.png/ff4444/ffffff
993,Wine - Valpolicella Masi,$10.01,51,http://dummyimage.com/100x100.png/ff4444/ffffff
994,Wine - Rioja Campo Viejo,$97.34,5,http://dummyimage.com/221x100.png/dddddd/000000
995,Tomato - Green,$20.27,36,http://dummyimage.com/219x100.png/ff4444/ffffff
996,Beef - Top Sirloin - Aaa,$43.22,46,http://dummyimage.com/186x100.png/cc0000/ffffff
997,Macaroons - Two Bite Choc,$35.40,56,http://dummyimage.com/215x100.png/ff4444/ffffff
998,Wasabi Powder,$54.46,49,http://dummyimage.com/162x100.png/5fa2dd/ffffff
999,Wine - Cava Aria Estate Brut,$22.39,26,http://dummyimage.com/189x100.png/5fa2dd/ffffff
1000,"Water - Mineral, Carbonated",$70.08,22,http://dummyimage.com/152x100.png/dddddd/000000
